state,stateTotalRecords,ATTOMID,AccessabilityElevatorFlag,AccessabilityHandicapFlag,ArborPergolaFlag,Area1stFloor,Area2ndFloor,AreaBuilding,AreaBuildingDefinitionCode,AreaGross,AreaLotAcres,AreaLotDepth,AreaLotSF,AreaLotWidth,AreaUpperFloors,ArenaFlag,AssessorLastSaleAmount,AssessorLastSaleDate,AssessorPriorSaleAmount,AssessorPriorSaleDate,BalconyArea,BathCount,BathHouseArea,BathHouseFlag,BathPartialCount,BedroomsCount,BoatAccessFlag,BoatHouseArea,BoatHouseFlag,BoatLiftFlag,BreezewayFlag,BuildingsCount,CBSACode,CBSAName,CabinArea,CabinFlag,CanopyArea,CanopyFlag,CensusBlock,CensusBlockGroup,CensusFIPSPlaceCode,CensusTract,CentralVacuumFlag,CombinedStatisticalArea,CommunityRecRoomFlag,CompanyFlag,CongressionalDistrictHouse,Construction,ConstructionFireResistanceClass,ContactOwnerMailAddressCRRT,ContactOwnerMailAddressCity,ContactOwnerMailAddressFull,ContactOwnerMailAddressHouseNumber,ContactOwnerMailAddressInfoFormat,ContactOwnerMailAddressState,ContactOwnerMailAddressStreetDirection,ContactOwnerMailAddressStreetName,ContactOwnerMailAddressStreetPostDirection,ContactOwnerMailAddressStreetSuffix,ContactOwnerMailAddressUnit,ContactOwnerMailAddressUnitPrefix,ContactOwnerMailAddressZIP,ContactOwnerMailAddressZIP4,ContactOwnerMailInfoPrivacy,ContactOwnerMailingCounty,ContactOwnerMailingFIPS,ContentIntercomFlag,ContentOverheadDoorFlag,ContentSaunaFlag,ContentSoundSystemFlag,ContentStormShutterFlag,CourtyardArea,CourtyardFlag,DeckArea,DeckFlag,DeedLastDocumentNumber,DeedLastSaleDate,DeedLastSaleDocumentBook,DeedLastSaleDocumentPage,DeedLastSalePrice,DeedLastSaleTransactionID,DeedOwner1NameFirst,DeedOwner1NameFull,DeedOwner1NameLast,DeedOwner1NameMiddle,DeedOwner1NameSuffix,DeedOwner2NameFirst,DeedOwner2NameFull,DeedOwner2NameLast,DeedOwner2NameMiddle,DeedOwner2NameSuffix,DeedOwner3NameFirst,DeedOwner3NameFull,DeedOwner3NameLast,DeedOwner3NameMiddle,DeedOwner3NameSuffix,DeedOwner4NameFirst,DeedOwner4NameFull,DeedOwner4NameLast,DeedOwner4NameMiddle,DeedOwner4NameSuffix,DrivewayArea,DrivewayMaterial,EscalatorFlag,Exterior1Code,FeatureBalconyFlag,FenceArea,FenceCode,Fireplace,FireplaceCount,FlooringMaterialPrimary,Foundation,GazeboArea,GazeboFlag,GeoQuality,GolfCourseGreenFlag,GraineryArea,GraineryFlag,GreenHouseArea,GreenHouseFlag,GuestHouseArea,GuestHouseFlag,HVACCoolingDetail,HVACHeatingDetail,HVACHeatingFuel,InteriorStructure,KennelArea,KennelFlag,LastAssessorTaxRollUpdate,LastOwnershipTransferDate,LastOwnershipTransferDocumentNumber,LastOwnershipTransferTransactionID,LeanToArea,LeanToFlag,LegalBlock1,LegalBlock2,LegalDescription,LegalLotNumber1,LegalLotNumber2,LegalLotNumber3,LegalPhase,LegalQuarter,LegalQuarterQuarter,LegalRange,LegalSection,LegalSubdivision,LegalTownship,LegalTractNumber,LegalUnit,LoadingPlatformArea,LoadingPlatformFlag,MSACode,MSAName,MetropolitanDivision,MilkHouseArea,MilkHouseFlag,MinorCivilDivisionCode,MinorCivilDivisionName,NeighborhoodCode,OutdoorKitchenFireplaceFlag,OwnerTypeDescription1,OwnerTypeDescription2,OwnershipVestingRelationCode,ParcelAccountNumber,ParcelMapBook,ParcelMapPage,ParcelNumberAlternate,ParcelNumberFormatted,ParcelNumberPrevious,ParcelNumberRaw,ParcelNumberYearAdded,ParcelNumberYearChange,ParcelShellRecord,ParkingCarport,ParkingCarportArea,ParkingGarage,ParkingGarageArea,ParkingRVParkingFlag,ParkingSpaceCount,PartyOwner1NameFirst,PartyOwner1NameFull,PartyOwner1NameLast,PartyOwner1NameMiddle,PartyOwner1NameSuffix,PartyOwner2NameFirst,PartyOwner2NameFull,PartyOwner2NameLast,PartyOwner2NameMiddle,PartyOwner2NameSuffix,PartyOwner3NameFirst,PartyOwner3NameFull,PartyOwner3NameLast,PartyOwner3NameMiddle,PartyOwner3NameSuffix,PartyOwner4NameFirst,PartyOwner4NameFull,PartyOwner4NameLast,PartyOwner4NameMiddle,PartyOwner4NameSuffix,PatioArea,PlumbingFixturesCount,PoleStructureArea,PoleStructureFlag,PondFlag,Pool,PoolArea,PoolHouseArea,PoolHouseFlag,PorchArea,PorchCode,PoultryHouseArea,PoultryHouseFlag,PreviousAssessedValue,PropertyAddressCRRT,PropertyAddressCity,PropertyAddressFull,PropertyAddressHouseNumber,PropertyAddressInfoPrivacy,PropertyAddressState,PropertyAddressStreetDirection,PropertyAddressStreetName,PropertyAddressStreetPostDirection,PropertyAddressStreetSuffix,PropertyAddressUnitPrefix,PropertyAddressUnitValue,PropertyAddressZIP,PropertyAddressZIP4,PropertyJurisdictionName,PropertyLatitude,PropertyLongitude,PropertyUseGroup,PropertyUseMuni,PropertyUseStandardized,QuonsetArea,QuonsetFlag,RoofConstruction,RoofMaterial,RoomsAtticArea,RoomsAtticFlag,RoomsBasementArea,RoomsBasementAreaFinished,RoomsBasementAreaUnfinished,RoomsBonusRoomFlag,RoomsBreakfastNookFlag,RoomsCellarFlag,RoomsCellarWineFlag,RoomsCount,RoomsExerciseFlag,RoomsFamilyCode,RoomsGameFlag,RoomsGreatFlag,RoomsHobbyFlag,RoomsLaundryFlag,RoomsMediaFlag,RoomsMudFlag,RoomsOfficeArea,RoomsOfficeFlag,RoomsSafeRoomFlag,RoomsSittingFlag,RoomsStormShelter,RoomsStudyFlag,RoomsSunroomFlag,RoomsUtilityArea,RoomsUtilityCode,SafetyFireSprinklersFlag,SecurityAlarmFlag,ShedArea,ShedCode,SiloArea,SiloFlag,SitusCounty,SitusStateCountyFIPS,SportsCourtFlag,SprinklersFlag,StableArea,StableFlag,StatusOwnerOccupiedFlag,StorageBuildingArea,StorageBuildingFlag,StoriesCount,StructureStyle,TaxAssessedImprovementsPerc,TaxAssessedValueImprovements,TaxAssessedValueLand,TaxAssessedValueTotal,TaxBilledAmount,TaxDelinquentYear,TaxExemptionAdditional,TaxExemptionDisabledFlag,TaxExemptionHomeownerFlag,TaxExemptionSeniorFlag,TaxExemptionVeteranFlag,TaxExemptionWidowFlag,TaxFiscalYear,TaxMarketImprovementsPerc,TaxMarketValueImprovements,TaxMarketValueLand,TaxMarketValueTotal,TaxMarketValueYear,TaxRateArea,TaxYearAssessed,TennisCourtFlag,TopographyCode,TotalRecords,TrustDescription,UnitsCount,UtilitiesMobileHomeHookupFlag,UtilitiesSewageUsage,UtilitiesWaterSource,UtilityBuildingArea,UtilityBuildingFlag,ViewDescription,WaterFeatureFlag,WetBarFlag,YearBuilt,YearBuiltEffective,ZonedCodeLocal
NATIONWIDE,160256585,100,0,0,0,13,3,68,65,51,84,25,88,27,3,0,36,68,16,27,1,56,0,0,14,46,0,0,0,0,0,9,88,88,0,0,1,1,98,2,1,2,0,1,0,20,54,32,1,94,97,97,88,73,97,18,97,5,82,8,6,97,94,0,97,97,0,0,0,0,0,0,0,9,9,76,100,22,21,98,43,78,99,99,52,3,29,30,30,17,0,1,1,1,0,0,0,0,0,0,0,1,0,0,47,1,0,2,25,21,12,24,0,0,99,0,0,0,0,0,0,0,43,51,18,14,0,0,100,100,62,49,0,0,38,0,99,69,5,0,2,9,3,29,30,65,31,84,4,0,0,87,87,18,0,0,2,0,43,0,91,20,100,48,0,0,18,1,33,100,60,41,0,36,2,44,31,0,32,75,100,99,48,3,25,25,25,15,0,13,15,15,8,0,0,1,1,0,0,15,15,0,1,0,5,3,0,0,27,21,0,0,98,74,97,88,80,0,100,18,88,5,81,6,6,96,74,100,93,93,100,90,100,0,0,34,0,1,1,15,7,11,0,0,0,0,31,0,3,2,0,0,0,0,0,0,0,0,0,0,0,0,0,0,0,0,3,5,0,0,100,-9223372036854775808,0,1,0,0,76,1,2,58,30,62,63,78,95,89,2,6,1,14,2,1,0,98,57,58,73,83,82,63,100,99,18,100,33,53,0,20,21,2,2,83,0,0,67,30,41
AK,510980,100,0,0,0,25,8,44,43,34,65,0,65,0,1,0,6,83,7,16,0,29,0,0,8,23,0,0,0,0,0,20,54,54,0,1,3,3,100,0,1,0,0,0,0,19,27,10,1,70,72,71,49,66,72,14,71,1,48,8,7,72,70,0,72,72,0,0,0,0,0,0,0,16,16,78,100,1,1,91,24,80,100,100,52,3,20,20,20,13,0,0,0,0,0,0,0,0,0,0,0,6,0,0,22,0,0,1,15,15,0,0,0,0,82,0,0,0,2,2,0,0,17,29,22,0,0,0,100,100,39,31,1,1,43,0,100,65,0,0,1,13,0,30,30,64,29,55,1,0,0,54,54,0,0,0,1,0,37,0,99,17,100,18,0,0,18,0,19,100,25,50,0,22,2,27,22,0,20,77,100,100,48,3,18,18,18,12,0,13,16,16,9,0,1,1,1,0,0,16,16,1,1,0,3,0,0,0,17,13,0,0,98,41,64,57,55,0,100,16,57,0,56,5,5,64,39,100,60,60,100,50,100,0,0,2,0,1,0,12,11,7,0,0,0,0,18,0,0,0,0,0,0,0,0,0,0,0,0,0,0,0,2,2,0,0,9,9,0,0,100,212819,0,0,0,0,76,0,0,37,24,48,48,66,70,59,2,6,1,12,4,1,0,71,48,48,65,70,70,49,100,100,18,5788777,20,25,0,30,30,0,0,52,0,0,44,27,42
AL,3098778,100,0,0,0,0,3,64,61,38,76,39,83,39,8,0,23,71,10,22,0,53,0,0,8,17,1,0,0,0,0,4,86,86,0,0,1,1,98,2,1,2,0,0,0,17,35,18,0,93,96,96,85,80,96,5,96,9,72,3,3,96,93,0,96,96,0,0,0,0,0,0,0,4,4,76,100,19,19,99,31,83,98,98,58,5,38,38,38,24,1,0,0,0,0,0,0,0,0,0,0,0,0,0,57,0,0,1,28,26,32,49,0,0,100,0,0,0,0,0,0,0,46,50,7,51,0,0,100,100,43,33,0,0,24,0,100,52,4,0,2,11,0,70,70,55,70,77,0,0,0,84,84,0,0,0,3,0,52,0,95,13,100,87,0,0,47,0,35,100,52,60,0,14,7,25,16,0,17,80,100,98,56,5,31,31,31,19,1,8,8,8,5,0,0,0,0,0,0,7,18,0,0,0,4,3,0,0,29,23,0,0,99,62,96,79,66,0,100,4,79,10,66,2,2,96,61,100,92,92,100,76,100,0,0,55,0,0,0,7,3,5,0,0,0,0,35,0,0,0,0,0,0,0,0,0,0,0,0,0,0,0,1,1,0,0,1,1,0,0,100,107199,0,0,0,0,80,0,0,59,0,43,43,68,99,87,0,7,2,21,6,0,0,100,63,63,96,99,99,72,100,100,14,10374027,26,44,0,14,17,10,10,76,0,0,64,35,27
AR,2468653,100,0,0,0,44,0,51,48,40,81,18,82,18,6,0,40,90,31,72,0,44,0,0,8,1,1,0,0,0,0,2,74,74,0,0,2,2,99,1,1,1,0,0,0,26,21,44,2,92,95,95,78,83,95,16,95,3,65,4,4,95,91,0,94,94,0,0,0,0,0,0,0,15,17,85,100,10,10,98,28,73,100,100,42,3,33,34,34,16,0,0,1,1,0,0,0,0,0,0,0,28,0,0,43,0,0,24,18,16,23,45,0,0,99,0,0,0,0,0,0,0,46,40,0,1,0,1,100,100,40,33,2,2,27,0,100,49,3,0,2,0,0,69,69,65,69,73,0,0,0,70,70,0,0,0,3,0,0,0,98,15,100,53,0,0,3,0,8,100,62,49,0,21,11,34,20,0,15,70,100,100,39,3,27,28,28,12,0,11,13,13,5,0,2,2,2,1,0,30,0,1,1,0,4,2,0,0,41,39,0,0,93,53,94,74,59,0,100,15,74,3,60,1,1,94,52,100,88,88,100,11,100,0,0,44,0,0,0,3,2,2,0,0,0,0,1,0,0,0,0,0,0,0,0,0,0,0,0,1,0,0,1,1,0,0,3,4,0,0,100,507828,0,0,0,0,79,1,2,53,3,53,53,86,90,87,0,9,0,21,0,0,0,98,52,52,86,90,89,53,100,100,7,6333241,31,33,0,0,0,14,14,72,0,0,41,3,1
AZ,3453742,100,0,0,0,5,0,72,71,69,92,0,93,0,0,0,61,85,10,11,0,52,0,0,1,2,0,0,0,0,0,3,98,98,0,0,2,2,99,1,1,1,0,0,0,30,66,61,2,95,97,98,89,80,97,72,98,2,83,14,13,97,95,0,96,96,0,0,0,0,0,0,0,1,1,86,100,5,5,95,65,68,99,99,45,2,33,33,33,19,0,0,1,1,0,0,0,0,0,0,0,0,0,0,69,0,0,0,1,1,4,3,0,0,100,0,0,0,0,0,0,0,63,66,0,1,0,0,100,100,83,75,0,0,15,0,100,89,7,0,5,44,42,92,91,89,92,98,19,0,0,98,98,0,0,0,1,0,55,0,93,9,100,19,0,0,0,1,6,100,61,8,0,57,2,60,11,0,55,65,100,100,41,2,31,31,31,18,0,4,6,6,3,0,0,0,0,0,0,5,50,0,0,0,18,16,0,0,10,6,0,0,98,75,96,85,84,0,100,76,85,1,79,7,7,96,76,100,93,93,100,99,100,0,0,43,0,0,0,0,0,0,0,0,0,0,42,0,0,0,0,0,2,0,0,0,0,0,0,0,0,0,0,0,0,0,0,0,0,0,100,401487,0,0,0,0,63,1,1,72,2,57,57,74,96,94,2,4,0,1,0,0,0,100,63,63,87,99,98,96,100,99,0,98167606,44,55,0,5,4,1,1,98,0,0,74,7,54
CA,13270020,100,0,0,0,18,6,79,78,60,93,20,93,19,0,0,8,32,2,7,0,73,0,0,9,73,0,0,0,0,0,5,98,98,0,0,0,0,99,1,3,1,0,0,0,25,77,54,2,95,97,97,91,54,97,14,97,1,85,12,8,97,95,0,97,97,0,0,0,0,0,0,0,1,1,80,100,6,2,98,59,67,99,99,40,2,30,32,32,17,0,1,3,3,0,0,0,0,0,0,0,0,0,0,3,0,0,0,29,27,5,3,0,0,100,0,0,0,0,0,0,0,37,46,3,0,0,0,100,100,82,66,0,0,18,0,95,79,6,0,0,0,0,6,6,67,6,98,2,0,0,98,98,37,0,0,5,0,22,0,84,22,100,11,1,1,4,1,19,100,31,20,0,56,1,59,36,0,46,62,100,99,36,2,25,25,25,14,0,9,13,13,5,0,0,1,1,0,0,8,0,0,0,0,11,1,0,0,6,5,0,0,99,81,97,88,86,0,100,13,88,1,83,9,9,97,81,100,94,94,100,99,100,0,0,14,0,0,0,2,0,1,0,0,0,0,44,0,10,0,0,0,0,0,0,0,0,0,0,0,0,0,0,0,0,0,0,0,0,0,100,605676,0,0,0,0,73,0,0,56,23,84,84,93,95,92,2,2,0,0,0,0,0,100,0,0,0,0,0,96,100,99,9,90695798,53,69,0,14,14,0,0,96,0,0,79,59,60
CO,2862777,100,0,0,0,33,11,74,73,68,87,9,91,11,8,0,55,89,37,62,6,69,0,0,9,67,0,0,0,0,0,4,86,86,0,0,0,0,92,8,1,8,0,1,0,23,60,56,2,95,99,99,89,64,99,30,99,1,83,13,9,99,95,0,99,99,0,0,0,0,0,0,0,9,8,88,99,4,3,98,50,75,98,98,54,2,30,30,30,20,0,1,1,1,0,0,0,0,0,0,0,0,0,0,58,6,0,0,38,30,12,21,0,0,99,0,0,0,0,0,0,0,41,70,25,37,0,0,100,100,70,60,0,0,60,0,99,82,10,0,1,61,0,75,75,87,76,86,4,0,0,82,82,0,0,0,1,0,71,0,85,23,100,63,0,0,23,1,55,100,76,54,0,53,2,57,51,0,36,73,100,99,51,2,23,23,23,16,0,16,17,17,11,0,0,0,0,0,0,25,24,0,0,0,3,1,0,0,46,31,0,0,98,74,95,85,83,0,100,26,85,1,79,11,11,95,74,100,91,91,100,85,100,0,0,49,0,0,0,40,26,36,0,0,0,0,47,0,0,0,0,0,0,0,0,0,0,0,0,0,0,0,0,0,2,0,3,3,0,0,100,805122,0,4,0,0,75,0,0,67,64,65,66,80,96,93,2,5,0,0,1,0,0,99,73,73,88,97,96,59,100,99,19,14510643,36,61,0,6,6,1,2,85,0,0,74,43,35
CT,1359449,100,0,0,0,25,0,87,87,73,86,0,86,0,0,0,71,93,1,1,0,84,0,0,44,83,0,0,0,0,0,89,100,100,0,0,0,0,99,1,1,1,1,3,0,14,80,33,0,92,95,95,91,82,95,4,95,1,90,8,7,95,93,0,95,95,0,0,0,0,0,0,0,0,27,97,100,58,58,100,67,85,98,98,61,0,4,4,4,2,0,0,0,0,0,0,0,0,0,0,0,0,0,0,85,0,0,0,47,45,0,3,0,0,100,0,0,0,0,0,0,0,44,85,84,0,0,0,100,100,74,69,0,0,71,0,100,74,0,0,0,0,0,0,0,7,0,98,0,0,1,100,100,0,0,0,1,0,0,0,95,39,100,92,0,0,0,3,76,100,94,77,0,47,0,49,0,0,22,83,100,100,47,0,3,3,3,1,0,37,37,37,20,0,0,0,0,0,0,0,0,0,0,0,9,0,0,0,0,1,0,0,100,89,100,100,95,0,100,4,100,1,99,9,9,100,90,100,99,99,100,100,100,0,0,76,2,7,5,54,33,39,0,0,0,0,83,0,0,5,0,0,0,0,0,0,0,0,0,0,0,0,0,0,0,0,0,0,0,0,100,900585,0,0,0,0,81,0,0,87,84,90,90,85,100,96,0,2,0,0,0,0,0,100,0,0,0,0,0,75,100,97,0,24876420,27,84,0,11,7,0,0,98,0,0,87,24,89
DC,235796,100,0,0,0,0,0,80,79,78,90,0,95,0,0,0,53,74,0,0,0,71,0,0,29,69,0,0,0,0,0,0,100,100,0,0,0,0,96,4,3,4,0,0,0,28,76,8,0,91,92,92,90,90,92,4,92,74,90,32,31,92,91,0,92,92,0,0,0,0,0,0,0,2,0,77,100,3,3,94,48,78,100,100,61,1,1,1,1,1,0,0,0,0,0,0,0,0,0,0,0,0,0,0,56,0,0,0,25,25,41,0,0,0,100,0,0,0,0,0,0,0,46,47,0,0,0,0,100,100,68,56,0,0,100,0,100,100,0,0,0,0,0,0,0,100,0,91,0,0,0,100,100,100,0,0,3,5,87,0,99,33,100,0,0,0,0,0,3,100,88,5,0,5,0,25,0,0,9,70,100,100,43,0,0,0,0,0,0,30,32,32,18,0,0,0,0,0,0,0,0,0,0,0,0,0,0,0,32,0,0,0,98,91,100,99,94,0,100,2,99,99,99,35,35,99,93,100,99,99,100,99,100,0,0,46,0,0,0,46,0,46,0,0,0,0,71,0,0,0,0,0,0,0,0,0,0,0,0,0,0,0,0,0,0,0,0,0,0,0,100,1100100,0,0,0,0,81,0,0,56,0,85,85,90,92,94,1,6,0,0,0,0,0,100,85,86,92,92,92,86,100,100,0,23579600,23,61,0,0,0,0,0,91,0,0,80,41,73
DE,500067,100,18,0,0,2,0,71,70,68,87,68,88,73,3,0,47,82,35,59,0,46,0,0,27,60,0,0,0,0,0,1,100,100,0,0,0,0,99,1,1,1,0,0,0,19,71,30,0,96,99,99,94,73,99,13,99,1,93,6,5,99,96,0,99,99,0,0,0,0,0,0,0,2,2,86,100,20,20,99,48,79,99,99,60,7,24,24,24,16,1,0,0,0,0,0,0,0,0,0,0,0,0,0,69,0,0,0,27,27,34,51,0,0,100,0,2,2,0,0,0,0,58,65,0,35,0,0,100,100,63,54,1,1,20,0,100,77,8,0,5,0,0,0,0,86,0,99,5,0,0,100,100,43,0,0,3,0,23,0,89,20,100,19,0,0,9,0,17,100,55,22,0,41,3,48,28,0,43,77,100,99,57,6,21,21,21,14,0,13,15,15,9,0,0,0,0,0,0,10,62,0,1,0,2,2,0,0,24,11,0,1,98,85,99,93,88,0,100,12,93,1,92,3,3,99,83,100,96,96,100,99,100,0,0,50,0,1,0,13,3,9,0,0,0,0,61,0,19,1,0,0,0,0,0,0,0,0,0,0,0,0,1,1,0,0,1,2,0,0,100,1000338,0,0,0,0,77,0,0,69,48,80,80,85,96,89,3,4,0,0,3,0,0,100,30,30,32,37,37,86,100,100,19,18297616,28,52,0,2,0,0,0,99,0,0,72,3,92
FL,10935635,100,1,0,0,4,1,78,77,74,84,33,87,38,6,0,63,90,52,71,1,69,0,0,4,60,2,0,0,0,0,11,97,97,0,0,1,1,98,2,1,2,0,0,0,18,74,51,2,93,97,98,93,46,98,26,98,6,89,15,8,97,94,0,97,97,0,0,0,0,0,0,0,7,5,93,100,50,48,99,58,75,99,99,49,3,31,32,32,19,1,1,2,2,1,0,0,0,0,0,0,5,0,0,62,1,0,9,11,10,32,26,0,0,100,0,0,0,0,0,0,0,57,52,26,48,0,0,100,100,84,71,0,0,52,0,100,80,8,0,7,0,0,96,96,93,96,97,14,0,0,96,96,22,0,0,2,0,74,0,77,28,100,63,0,0,19,0,30,100,75,32,0,41,4,49,39,0,31,73,100,99,45,3,27,27,27,16,1,13,16,16,8,0,1,1,1,0,0,24,9,0,0,0,17,12,1,1,50,47,0,0,97,82,99,94,88,0,100,26,94,7,90,15,15,99,84,100,96,96,100,99,100,0,0,53,0,0,0,0,0,0,0,0,0,0,9,0,0,0,0,0,0,0,0,0,0,0,0,0,0,1,1,1,0,0,3,5,0,0,100,1207211,0,2,0,0,65,2,2,64,10,33,33,43,98,94,3,4,1,20,1,1,2,100,73,73,82,98,98,78,100,100,2,40025935,39,65,0,5,6,4,4,97,0,0,79,72,64
GA,4743998,100,0,0,0,3,0,79,77,67,83,21,92,27,4,0,49,79,34,55,0,72,0,0,21,57,1,0,0,0,0,9,88,88,0,0,3,3,96,4,1,4,0,1,0,17,55,35,1,91,94,94,86,65,94,5,94,12,84,6,4,94,90,0,94,94,0,0,0,0,0,0,0,15,9,88,99,56,56,98,48,81,98,98,55,4,28,29,29,18,1,0,0,0,0,0,0,0,0,0,0,0,0,0,74,0,0,1,54,44,35,53,0,0,99,0,0,0,0,0,0,0,69,70,33,40,0,0,100,100,71,54,1,1,33,0,98,67,3,0,10,0,0,0,1,77,0,95,3,0,0,86,86,0,0,0,2,0,76,1,89,17,100,75,0,0,12,1,65,100,87,78,0,42,4,45,36,0,28,80,100,99,53,4,24,24,24,15,1,8,9,9,5,0,0,0,0,0,0,35,23,1,1,0,4,4,0,0,54,15,0,0,99,81,98,96,86,0,100,5,96,13,92,3,3,98,82,100,97,97,100,96,100,0,0,52,1,5,0,18,10,15,0,0,0,0,39,0,4,1,0,0,0,0,0,0,0,0,0,0,0,0,1,1,0,0,4,4,0,0,100,1313674,0,0,0,0,75,4,4,75,45,80,80,96,99,97,0,6,0,17,3,0,0,100,80,81,96,99,98,92,100,99,46,10827852,26,70,0,41,43,6,6,95,0,0,79,41,75
HI,601447,100,0,0,0,31,9,79,77,77,70,1,70,1,3,0,43,92,35,75,1,78,0,0,18,73,0,0,0,0,0,5,100,100,0,0,0,0,99,1,1,1,0,1,0,41,67,55,0,90,94,95,78,82,94,5,95,1,75,24,22,94,90,0,93,93,0,0,0,0,0,1,1,10,9,71,100,0,0,97,45,60,99,99,52,3,10,12,12,7,0,0,2,2,0,0,0,0,0,0,0,0,0,0,76,1,0,0,1,1,67,72,0,0,100,0,0,0,0,0,0,0,59,1,0,69,0,0,100,100,76,65,0,0,8,0,85,71,9,0,1,0,0,0,0,91,0,95,6,0,0,100,100,0,0,0,1,0,94,0,97,23,100,0,0,0,1,1,2,100,87,4,0,30,17,68,30,0,54,56,100,100,45,3,6,6,6,5,0,32,45,45,27,1,1,1,1,0,0,12,74,0,0,0,15,3,0,0,56,52,0,0,98,72,99,94,85,0,100,3,94,0,91,35,35,99,75,100,95,95,100,86,100,0,0,72,0,0,0,8,6,5,0,0,0,0,76,0,9,0,0,0,0,0,0,0,0,0,0,0,0,0,0,0,0,0,3,3,0,0,100,1500359,0,0,0,0,58,0,0,78,74,74,74,92,98,93,7,2,0,12,0,0,0,99,74,74,91,98,97,94,100,99,0,22599401,48,66,0,0,0,0,0,92,0,0,79,27,98
IA,2701199,100,0,0,0,6,0,49,49,42,92,25,92,27,3,0,36,73,24,43,0,45,0,0,16,43,0,0,0,0,0,9,60,60,0,0,0,0,95,5,0,5,0,0,0,29,18,36,0,95,96,96,88,87,96,19,96,7,84,5,5,96,94,0,96,96,0,1,0,0,0,0,0,18,19,68,99,15,15,99,23,69,99,99,54,1,28,29,29,20,0,0,1,1,0,0,0,0,0,0,0,0,0,0,41,0,0,1,17,15,8,41,0,0,99,0,1,3,0,0,0,0,43,43,25,33,0,0,100,100,31,26,0,1,22,0,99,49,3,0,0,0,0,36,36,42,36,52,0,0,0,58,58,0,0,0,1,0,12,0,97,23,100,0,0,0,6,1,9,100,24,33,0,25,1,39,34,0,34,66,100,100,50,1,21,21,21,15,0,17,22,22,12,0,2,2,2,1,0,20,3,0,0,0,1,0,0,0,28,27,0,0,98,53,93,59,56,0,100,14,59,6,57,3,3,93,52,100,93,93,100,84,100,0,0,44,0,3,3,36,17,20,0,0,0,0,41,0,0,5,0,0,0,0,0,0,0,0,0,0,0,0,0,0,0,0,2,8,0,0,100,1910646,0,0,0,0,89,0,0,46,21,52,52,89,93,91,2,26,0,17,0,0,0,100,51,51,87,93,92,39,100,99,7,5359453,35,18,0,5,34,1,1,52,0,0,50,15,10
ID,1148279,100,0,0,0,20,0,58,57,29,89,3,90,4,7,0,5,32,0,0,0,50,0,0,3,50,1,0,0,0,0,2,83,83,0,0,0,0,98,2,0,2,0,0,0,28,20,14,0,96,98,98,82,88,98,48,98,9,70,6,6,98,96,0,98,98,0,0,0,0,0,0,0,6,7,62,100,0,0,96,32,73,100,100,55,2,18,19,19,11,0,0,1,1,0,0,0,0,0,0,0,0,0,0,30,0,0,1,25,14,2,15,0,0,99,0,0,0,0,0,0,0,45,42,21,6,0,0,100,100,49,33,2,2,50,0,100,59,2,0,2,8,0,37,37,61,37,42,2,0,0,76,76,0,0,0,1,0,13,0,99,33,100,20,0,0,8,0,16,100,38,22,0,24,2,42,38,0,37,70,100,100,46,2,10,10,10,6,0,29,33,33,17,0,0,1,1,0,0,19,8,3,3,0,2,1,0,0,15,14,0,0,96,63,95,77,73,0,100,43,77,8,67,3,3,95,63,100,90,90,100,84,100,0,0,28,0,3,1,13,9,7,0,0,0,0,17,0,0,1,5,0,0,0,0,0,0,0,0,0,0,0,0,0,0,0,6,7,0,0,100,1603481,0,1,0,0,82,0,0,45,17,64,65,80,91,89,6,8,0,21,0,0,0,100,65,65,80,90,90,12,100,100,5,7438711,38,22,0,5,5,1,1,36,0,0,59,17,23
IL,6135835,100,0,0,0,8,3,52,47,20,77,15,86,15,2,0,36,60,11,15,0,41,0,0,16,37,0,0,0,0,0,1,90,90,0,0,0,0,99,1,1,1,0,0,0,20,58,35,0,93,97,97,92,72,97,40,96,2,88,10,7,97,93,0,96,96,0,0,0,0,0,0,0,3,3,76,100,2,2,99,44,78,99,99,44,2,27,29,29,14,0,0,1,1,0,0,0,0,0,0,0,1,0,0,39,0,0,0,17,14,2,9,0,0,99,0,0,0,0,0,0,0,40,17,2,3,0,0,100,100,66,50,0,0,54,0,98,63,4,0,2,40,0,61,61,71,63,76,8,0,0,89,89,54,0,0,1,0,31,0,93,16,100,6,0,0,31,0,13,100,55,20,0,35,0,44,19,0,34,75,100,100,41,2,23,23,23,12,0,8,10,10,4,0,0,1,1,0,0,4,9,0,0,0,0,0,0,0,6,7,0,0,98,77,97,87,83,0,100,39,87,1,83,10,10,97,78,100,95,95,100,97,100,0,0,27,0,1,6,15,3,11,0,0,0,0,14,0,0,2,0,0,0,0,0,0,0,0,0,0,0,0,0,0,0,0,1,1,0,0,100,1708658,0,0,0,0,79,0,0,46,37,76,76,94,95,91,0,6,1,26,8,0,0,99,73,73,85,86,85,70,100,100,1,67190322,32,44,0,2,1,0,0,75,0,0,59,8,12
IN,3658939,100,0,0,0,0,0,69,68,68,98,52,99,52,1,0,2,84,0,0,0,62,0,0,20,60,0,0,0,0,0,2,92,92,0,0,0,0,98,2,1,2,0,0,0,21,37,61,3,96,99,98,93,89,99,43,98,13,75,4,3,99,96,0,99,99,0,0,0,0,0,0,0,1,0,36,100,0,0,86,38,78,99,99,58,3,38,38,38,27,0,0,1,1,0,0,0,0,0,0,0,0,0,0,5,0,0,1,26,26,2,33,1,1,99,0,0,1,0,0,0,0,52,65,0,0,0,0,100,100,45,44,4,4,14,0,100,59,5,0,1,0,0,46,47,55,47,97,0,0,0,91,91,10,0,0,3,0,95,0,98,9,100,99,0,0,82,0,28,100,90,89,0,53,3,56,54,0,54,76,100,100,56,3,33,33,33,23,0,6,6,6,4,0,0,0,0,0,0,7,82,0,0,0,6,5,0,0,8,0,0,0,98,76,100,99,85,0,100,43,99,12,78,2,2,100,76,100,96,96,100,99,100,0,0,63,0,7,6,32,5,31,0,0,0,0,59,0,14,6,0,0,0,0,0,0,0,0,0,0,0,0,0,0,1,0,23,24,0,0,100,1808788,0,0,0,0,81,0,0,69,6,71,71,94,94,91,0,6,0,13,0,0,0,100,71,72,94,94,94,94,100,100,79,9960261,28,50,0,100,99,0,0,97,0,0,73,68,13
KS,1676178,100,0,0,0,4,0,65,65,49,95,37,98,37,1,0,19,27,9,2,0,60,0,0,18,59,0,0,0,0,0,2,72,72,0,0,2,2,99,1,1,1,0,0,0,30,11,43,0,90,92,92,81,89,92,44,92,2,76,4,4,93,90,0,92,92,0,0,0,0,0,0,0,34,30,48,100,23,23,100,17,71,100,100,53,2,32,32,32,21,0,1,2,2,1,0,0,0,0,0,0,0,0,0,64,0,0,1,27,26,20,59,0,0,100,0,1,1,0,0,0,0,57,63,28,24,0,0,100,100,30,18,2,2,44,0,100,64,8,0,0,0,0,50,50,72,50,69,0,0,0,72,72,0,0,0,1,0,66,0,100,20,100,48,0,0,93,0,41,100,63,64,0,40,4,54,43,0,51,69,100,100,50,2,23,24,24,16,0,16,20,20,11,0,1,1,1,1,0,26,49,0,0,0,2,1,0,0,54,45,0,0,99,69,99,92,76,0,100,49,92,2,85,1,2,99,68,100,95,95,100,94,100,0,0,59,0,0,0,40,24,29,0,0,0,0,59,0,20,1,0,0,0,0,0,0,0,0,0,0,0,0,0,0,0,0,19,20,0,0,100,2011550,0,0,0,0,84,4,4,61,55,63,63,88,93,52,0,4,0,0,0,0,0,68,65,65,91,96,96,61,100,100,78,8229333,44,42,0,52,55,5,5,71,0,0,66,8,22
KY,2467051,100,0,0,0,1,0,61,60,16,73,13,75,17,0,0,44,63,18,24,0,47,0,0,11,38,0,0,0,0,0,3,73,73,0,0,0,0,96,4,5,4,0,0,0,16,20,30,1,93,96,95,85,89,96,8,95,2,79,3,3,96,93,0,96,96,0,0,0,0,0,0,0,7,7,85,100,30,30,99,27,86,100,100,52,4,40,41,41,19,0,1,1,1,0,0,0,0,0,0,0,0,0,0,56,0,0,0,18,13,10,42,0,0,99,0,0,0,0,0,0,0,51,52,29,4,0,0,100,100,39,29,0,0,7,0,98,41,1,0,4,0,0,0,0,40,0,38,4,0,0,69,69,0,0,0,5,0,8,1,98,16,100,76,0,0,6,0,6,100,8,33,0,11,1,42,25,0,30,83,100,100,49,4,31,31,31,14,0,14,15,15,8,0,1,1,1,0,0,13,4,0,0,0,2,1,0,0,19,20,0,0,96,74,97,96,79,0,100,8,96,2,86,3,3,97,75,100,93,93,100,32,100,0,0,48,0,0,0,15,4,6,0,0,0,0,16,0,8,0,0,0,0,0,0,0,0,0,0,0,0,0,0,0,0,1,0,1,0,0,100,2111395,0,0,0,0,83,0,0,57,9,35,35,44,95,85,2,5,1,13,0,0,0,98,34,34,43,93,93,29,100,100,25,6918068,18,23,0,18,27,0,0,37,0,0,53,1,21
LA,2698248,100,0,0,0,4,0,35,32,7,49,10,55,12,0,0,38,74,4,10,0,14,0,0,1,13,0,0,0,0,0,5,91,91,0,0,0,0,98,2,1,2,0,0,0,20,30,8,0,95,98,97,84,92,98,8,97,1,78,5,4,98,95,0,97,97,0,0,0,0,0,0,0,0,0,77,100,14,14,98,25,82,100,100,64,7,17,17,17,11,0,0,0,0,0,0,0,0,0,0,0,0,0,0,8,0,0,0,3,3,2,6,0,0,99,0,0,0,0,0,0,0,3,5,0,0,0,0,100,100,34,26,0,0,32,0,100,72,7,0,7,0,0,42,41,71,42,72,5,0,0,91,91,0,0,0,2,0,9,0,99,17,100,13,0,0,10,0,18,100,37,54,0,5,1,10,8,0,5,79,100,100,60,6,14,14,14,10,0,14,16,16,11,0,0,0,0,0,0,3,0,0,0,0,1,0,0,0,1,3,0,0,97,69,93,81,76,0,100,7,81,1,73,3,3,93,68,100,83,83,100,88,100,0,0,6,0,0,0,0,0,0,0,0,0,0,8,0,0,0,0,0,0,0,0,0,0,0,0,0,0,0,0,0,0,0,0,0,0,0,100,2205992,0,0,0,0,84,0,1,10,1,69,69,91,99,94,4,3,0,37,0,0,0,100,68,68,89,96,96,50,100,100,0,9125372,29,37,0,0,0,0,0,70,0,0,28,0,0
MA,2582991,100,0,0,0,21,0,85,85,80,89,0,89,0,0,0,72,91,0,1,0,82,0,0,37,80,0,0,0,0,0,85,99,99,0,0,0,0,99,1,1,1,0,1,0,17,74,48,0,92,95,95,90,80,95,3,95,0,89,10,9,95,92,0,95,95,0,0,0,0,0,0,0,0,12,88,100,46,46,98,52,84,98,98,65,0,5,5,5,3,0,0,0,0,0,0,0,0,0,0,0,0,0,0,82,0,0,0,35,33,0,2,0,0,100,0,0,0,0,0,0,0,34,83,74,0,0,0,100,100,73,70,0,0,51,0,100,56,0,0,0,0,0,0,0,20,0,97,0,0,0,99,99,57,0,0,3,0,0,0,93,42,100,52,0,0,0,2,29,100,91,30,0,26,0,32,0,0,15,79,100,100,52,0,3,3,3,2,0,40,40,40,25,0,0,0,0,0,0,0,0,0,0,0,4,0,0,0,0,0,0,0,98,84,100,100,93,0,100,3,100,0,99,11,11,100,86,100,98,98,100,100,100,0,0,74,1,3,2,42,25,34,0,0,0,0,77,0,0,1,0,0,0,0,0,0,0,0,0,0,0,0,0,0,0,0,0,0,0,0,100,2501591,0,0,0,0,77,0,0,84,81,87,87,84,99,94,0,1,0,0,0,0,0,100,0,0,0,0,0,0,100,98,0,27910468,31,81,0,0,0,0,1,97,0,0,85,20,71
MD,2399039,100,0,0,0,0,0,84,83,82,85,17,97,22,0,0,67,93,53,71,1,76,0,0,40,0,2,0,0,0,0,1,97,97,0,0,0,0,100,0,2,0,0,0,0,19,81,27,2,97,99,99,95,94,99,6,99,2,94,10,10,99,97,0,99,99,0,0,0,0,0,0,0,35,34,98,100,56,55,98,59,83,100,100,68,7,17,17,17,13,0,0,0,0,0,0,0,0,0,0,0,0,0,0,74,1,0,0,83,37,0,1,0,0,100,0,0,0,0,0,0,0,88,90,3,0,0,0,100,100,80,67,0,0,41,0,100,81,13,0,5,1,0,0,15,82,0,99,1,0,0,97,97,39,0,0,3,0,4,0,98,35,100,100,0,0,0,0,47,100,95,49,0,85,3,86,40,0,38,81,100,100,58,6,15,15,15,11,0,32,34,34,22,1,0,0,0,0,0,13,0,0,0,0,5,4,0,0,39,37,0,0,99,87,99,99,91,0,100,6,99,1,98,9,9,99,88,100,94,94,100,100,100,0,0,71,0,2,0,27,26,5,0,0,0,0,0,0,0,0,0,0,0,0,0,0,0,0,0,0,0,0,2,2,1,0,5,5,0,0,100,2407130,0,0,0,0,80,0,0,75,74,36,36,46,98,95,0,4,1,38,0,1,0,100,86,86,98,98,98,97,100,100,6,20215127,25,93,0,68,30,0,0,99,0,0,85,1,76
ME,708056,100,0,0,0,20,0,62,61,35,90,0,90,0,0,0,22,50,0,1,0,54,0,0,16,51,0,0,0,0,0,44,69,69,0,0,0,0,99,1,0,1,0,1,0,13,61,17,0,91,94,94,81,77,94,3,94,1,79,5,3,94,91,0,94,94,0,0,0,0,0,0,0,0,21,84,99,25,25,96,26,86,98,98,69,1,10,11,11,7,0,0,0,0,0,0,0,0,0,0,0,0,0,0,47,0,0,0,10,10,0,2,0,0,100,0,0,0,0,0,0,0,6,52,37,0,0,0,100,100,49,29,0,0,26,0,100,81,0,0,0,0,0,0,0,17,0,90,0,0,0,69,69,0,0,0,1,0,0,0,95,44,100,39,0,0,1,2,35,100,84,40,0,16,0,18,0,0,1,84,100,100,58,1,7,7,7,5,0,38,38,38,25,0,0,0,0,0,0,0,0,0,0,0,1,0,0,0,0,0,0,0,98,78,100,98,91,0,100,3,98,1,96,5,5,100,79,100,98,98,100,90,100,0,0,46,0,4,2,18,7,15,0,0,0,0,45,0,0,1,0,0,0,0,0,0,0,0,0,0,0,0,0,0,0,0,0,0,0,0,100,2301511,0,0,0,0,71,0,0,55,57,88,88,94,99,95,0,2,0,0,0,0,0,100,0,0,0,0,0,88,100,98,0,7473265,29,50,0,3,2,0,0,90,0,0,59,6,48
MI,5506716,100,0,0,0,2,0,58,57,22,82,46,85,47,0,0,41,60,16,26,1,56,0,0,21,33,0,0,0,0,0,12,85,85,0,0,0,0,98,2,0,2,0,1,0,20,52,11,2,94,97,98,93,67,97,18,98,5,90,7,4,97,94,0,97,97,0,0,0,0,0,0,0,7,7,60,99,28,28,100,36,77,99,99,42,3,33,34,34,17,0,1,3,3,1,0,1,1,1,0,0,0,0,0,36,1,0,0,26,23,1,10,0,0,99,0,0,0,0,1,0,0,32,67,20,1,0,0,100,100,58,46,0,0,19,0,100,56,3,0,0,0,0,31,31,60,31,72,12,0,0,83,83,36,0,0,1,1,2,0,90,20,100,32,0,0,0,1,19,100,20,37,0,26,0,48,43,0,42,76,100,100,40,2,26,26,26,13,0,11,14,14,6,0,1,1,1,1,0,8,10,0,0,0,3,1,0,0,19,15,0,1,98,82,99,93,85,0,100,18,93,5,89,2,2,99,82,100,97,97,100,98,100,0,0,7,0,0,0,45,6,30,0,0,0,0,19,0,0,2,0,0,0,0,0,0,0,0,0,0,0,0,0,0,0,0,1,1,0,0,100,2610223,0,1,0,0,69,0,0,48,34,9,9,15,88,72,0,7,0,34,0,0,0,86,9,9,16,88,87,19,100,99,13,27561079,33,46,0,3,4,0,0,72,0,0,56,7,56
MN,3307860,100,0,0,0,13,2,60,59,46,74,22,79,22,0,0,46,55,18,20,0,49,0,0,6,50,0,0,0,0,0,5,81,81,0,0,0,0,99,1,1,1,0,0,0,23,38,37,0,92,95,95,89,72,95,8,95,30,84,7,5,95,92,0,95,95,0,0,3,0,0,0,0,21,20,43,100,1,0,100,35,78,99,99,54,1,36,36,36,21,0,1,1,1,0,0,0,0,0,0,0,1,0,0,47,0,0,0,21,16,13,27,0,0,100,0,0,1,0,0,0,0,43,46,19,26,0,0,100,100,49,38,1,1,51,0,100,64,3,0,0,30,26,58,58,65,58,66,1,0,0,76,76,0,0,0,2,0,20,0,91,21,100,25,0,0,4,0,10,100,43,28,0,38,1,52,42,0,27,75,100,99,51,1,28,28,28,17,0,11,15,15,7,0,1,1,1,0,0,10,11,2,2,0,2,0,0,0,19,14,0,0,95,65,94,71,70,0,100,6,71,30,66,4,4,94,65,100,93,93,100,86,100,0,0,33,0,1,0,26,20,16,0,1,0,0,30,0,5,0,0,0,0,0,0,0,0,0,0,0,0,0,1,1,0,1,5,7,0,0,100,2708216,0,0,0,0,86,3,4,44,34,67,67,92,95,86,1,10,0,23,0,0,0,100,67,68,93,95,95,60,100,100,5,13104879,34,35,0,2,1,1,1,66,0,1,60,36,15
MO,3393195,100,0,0,0,20,0,69,68,39,85,42,92,43,0,0,21,74,11,31,3,52,0,0,14,45,0,0,0,0,0,3,78,78,0,0,1,1,97,3,1,3,0,0,0,24,39,27,1,96,98,98,91,85,98,27,98,1,77,5,4,98,96,0,98,98,0,0,0,0,0,0,0,13,14,84,100,26,26,95,35,76,99,99,50,3,39,39,39,23,0,1,1,1,0,0,0,0,0,0,0,0,0,0,47,3,0,0,24,20,16,27,0,0,100,0,0,1,0,0,0,0,44,48,20,13,0,0,100,100,51,40,1,1,28,0,100,65,4,0,1,3,0,39,34,64,39,58,1,0,0,78,78,0,0,0,2,0,26,0,96,10,100,27,0,0,16,0,23,100,44,30,0,27,3,41,31,0,35,73,100,99,47,3,33,34,34,20,0,6,7,7,4,0,1,1,1,0,0,22,20,0,1,0,2,1,0,0,25,27,2,2,99,70,97,85,75,0,100,25,84,1,72,3,3,97,69,100,94,94,100,57,100,0,0,25,0,1,0,24,7,14,0,0,0,0,37,0,6,5,0,0,0,0,0,0,0,0,0,0,0,0,0,0,0,0,5,7,0,0,100,2913468,0,0,0,0,81,0,0,60,35,50,50,60,96,74,0,2,0,0,0,0,0,80,54,54,69,96,96,33,100,100,19,11841059,35,43,0,19,20,5,5,57,0,0,69,8,29
MS,1987035,100,0,0,0,1,4,58,56,27,71,15,79,15,0,0,10,68,1,9,0,39,0,0,4,18,0,0,0,0,0,3,76,76,0,0,0,0,97,3,1,3,0,0,0,21,20,15,0,92,95,95,82,91,95,6,95,5,69,3,3,95,92,0,95,95,0,0,0,0,0,0,0,5,5,86,100,14,14,90,22,83,100,100,58,6,23,23,23,14,0,0,0,0,0,0,0,0,0,0,0,0,0,0,49,0,0,0,17,9,30,42,0,0,100,0,0,0,0,0,0,0,32,35,4,44,0,0,100,100,32,25,0,0,15,0,100,39,3,0,3,0,0,48,47,34,48,53,1,0,0,73,73,0,0,0,2,0,0,0,100,9,100,55,0,0,53,0,9,100,20,36,0,3,5,10,4,0,8,77,100,100,53,6,19,19,19,11,0,7,8,8,4,0,0,0,0,0,0,12,3,0,0,0,2,2,1,1,2,2,0,0,99,54,96,70,58,0,100,6,70,4,59,1,1,95,54,100,91,91,100,81,100,0,0,46,0,0,0,0,0,0,0,0,0,0,33,0,1,0,0,0,0,0,0,0,0,0,0,0,0,0,1,1,0,0,4,4,0,0,100,2807794,0,0,0,0,84,0,0,21,0,19,19,30,95,82,1,5,4,24,6,0,0,94,59,59,97,97,97,38,100,100,0,4234107,37,26,1,0,1,13,13,53,0,0,57,14,4
MT,969424,100,0,0,0,45,5,51,50,22,89,5,90,5,2,0,0,29,0,17,0,46,0,0,10,46,0,0,0,0,0,2,47,47,0,0,0,0,99,1,0,1,0,0,0,35,14,50,3,95,99,97,69,90,99,10,97,8,63,4,4,99,95,0,99,99,0,0,0,0,0,0,0,26,25,43,100,7,7,99,17,68,100,100,48,2,31,31,31,20,0,0,1,1,0,0,0,0,0,0,0,0,0,0,51,0,0,1,17,16,0,43,0,0,100,0,0,2,0,0,0,0,48,49,46,0,0,0,100,100,27,18,1,2,30,0,100,51,4,0,0,32,0,32,32,51,32,33,0,0,0,46,46,0,0,0,0,0,30,0,99,25,100,100,0,0,100,0,16,100,16,28,0,18,0,35,18,0,34,64,100,100,43,1,25,25,25,16,0,13,23,23,9,0,1,1,1,1,0,1,33,4,5,0,1,0,0,0,31,30,0,0,99,45,94,58,53,0,100,8,58,8,55,4,4,94,45,100,88,88,100,99,100,1,1,45,0,3,1,23,16,11,0,0,0,0,31,0,11,0,0,0,0,0,0,0,0,0,0,0,0,0,0,0,0,0,11,16,0,0,100,3005435,0,0,0,0,82,0,0,50,38,0,0,0,99,85,4,2,0,2,0,0,0,100,55,55,92,99,99,28,100,100,59,3530923,39,30,0,46,46,1,1,35,0,0,51,30,24
NC,5817386,100,0,0,0,2,0,69,67,51,87,18,93,22,6,0,52,89,16,30,0,63,0,0,16,53,0,0,0,0,0,4,90,90,0,0,1,1,98,2,1,2,0,1,0,18,47,19,1,97,99,99,89,91,99,7,99,4,86,5,5,99,97,0,99,99,0,0,0,0,0,0,0,18,12,96,100,41,40,98,46,83,99,99,69,6,20,20,20,13,0,0,0,0,0,0,0,0,0,0,0,1,0,0,62,0,0,1,42,28,22,50,0,0,99,0,0,0,0,0,0,0,59,65,37,17,0,0,100,100,62,52,0,0,31,0,99,63,3,0,6,0,0,0,0,64,12,84,2,0,0,88,88,0,0,0,3,0,68,0,98,28,100,62,0,0,40,1,35,100,63,47,0,26,3,32,23,0,15,81,100,100,63,6,17,17,17,12,0,25,27,27,18,0,0,0,0,0,0,21,19,0,0,0,2,2,0,0,41,25,0,0,98,75,97,96,82,0,100,7,96,5,91,3,3,97,74,100,93,93,100,81,100,0,0,41,0,2,0,10,5,7,0,0,0,0,24,0,0,0,0,0,0,0,0,0,0,0,0,0,0,0,1,1,0,0,3,5,0,0,100,3710156,0,0,0,0,71,4,5,65,48,66,67,87,98,90,4,4,0,0,0,0,0,98,69,69,90,93,92,54,100,99,20,12786017,23,50,0,10,11,1,1,83,0,0,69,40,68
ND,767643,100,0,0,0,4,0,15,14,2,69,11,71,11,0,0,4,6,1,1,0,9,0,0,1,10,0,0,0,0,0,0,47,47,0,0,0,0,98,2,0,2,0,0,0,25,6,7,0,94,98,97,79,92,98,7,97,42,73,5,5,98,94,0,97,97,0,0,0,0,0,0,0,2,2,16,100,0,0,100,12,79,100,100,45,1,38,39,39,18,0,0,1,1,0,0,0,0,0,0,0,0,0,0,4,0,0,0,3,2,0,4,0,0,99,0,0,0,0,0,0,0,7,5,3,4,0,0,100,100,23,12,0,0,39,0,100,50,1,0,0,0,0,4,4,43,4,14,1,0,0,47,47,0,0,0,0,0,4,0,100,16,100,1,0,0,1,0,8,100,7,5,0,1,0,9,3,0,7,71,100,100,38,1,31,31,31,15,0,11,15,15,5,0,3,3,3,1,0,2,0,0,0,0,0,0,0,0,1,1,0,0,97,33,79,37,37,0,100,3,37,22,36,2,2,78,33,100,82,82,100,37,100,0,0,4,0,0,0,5,5,0,0,0,0,0,8,0,0,0,0,0,0,0,0,0,0,0,0,0,0,0,0,0,0,0,0,0,0,0,100,3805363,0,0,0,0,91,0,0,11,7,33,33,81,90,85,1,6,0,0,0,0,0,93,34,34,84,91,91,7,100,100,0,2596759,33,1,0,0,0,0,0,13,0,0,16,1,12
NE,1203405,100,1,0,0,0,0,62,61,40,90,44,91,45,2,0,48,69,30,38,0,52,0,0,3,49,0,0,0,0,0,2,65,65,0,0,0,0,97,3,0,3,0,0,0,26,30,45,2,86,88,88,76,69,88,26,87,1,68,4,3,89,85,0,88,88,0,0,0,0,0,0,0,21,21,70,100,9,8,100,31,74,99,99,54,2,35,36,36,24,0,0,1,1,0,0,0,0,0,0,0,8,0,0,55,0,0,8,21,20,0,40,0,0,99,0,1,1,0,0,0,0,49,55,8,15,0,0,100,100,40,35,1,1,34,0,100,63,3,0,0,0,0,14,15,59,14,56,0,0,0,65,65,0,0,0,1,0,26,0,92,16,100,28,0,0,47,0,6,100,31,22,0,33,2,51,44,0,35,69,100,100,50,1,29,29,29,20,0,8,11,11,5,0,1,1,1,0,0,27,36,0,0,0,1,1,0,0,41,39,0,0,98,62,91,68,66,0,100,27,68,1,62,2,2,91,61,100,89,89,100,75,100,1,1,52,0,2,0,47,25,34,0,0,0,0,25,0,0,1,0,0,0,0,0,0,0,0,0,0,0,0,0,0,5,0,10,11,0,0,100,3108902,0,3,0,0,80,0,0,61,26,64,65,90,93,90,0,7,0,1,0,0,0,100,64,65,89,92,92,35,100,100,4,6954690,44,37,0,2,2,3,3,55,0,0,62,12,73
NH,705227,100,0,0,0,32,0,80,79,74,84,0,84,0,0,0,56,67,0,0,0,77,0,0,31,75,1,0,0,0,0,60,92,92,0,0,0,0,100,0,0,0,0,0,0,23,57,17,0,97,100,100,88,88,100,4,100,1,87,6,6,100,97,0,100,100,0,0,0,0,0,0,0,0,26,70,100,47,47,100,43,84,100,100,69,0,6,6,6,4,0,0,0,0,0,0,0,0,0,0,0,0,0,0,78,0,0,0,16,15,0,2,0,0,100,0,0,0,0,0,0,0,24,78,79,0,0,0,100,100,60,45,0,0,62,0,100,62,0,0,0,0,0,0,0,30,0,98,0,0,0,92,92,28,0,0,1,0,0,0,100,53,100,43,0,0,0,0,31,100,94,39,0,24,0,27,0,0,5,72,100,100,49,0,3,3,3,2,0,49,51,51,31,0,0,0,0,0,0,0,0,0,0,0,4,0,0,0,0,0,0,0,98,72,100,99,87,0,100,3,99,1,96,9,9,100,75,100,97,97,100,100,100,0,0,74,0,7,6,35,13,31,0,0,0,0,53,0,0,0,0,0,0,0,0,0,0,0,0,0,0,0,0,0,0,0,0,0,0,0,100,3301071,0,0,0,0,80,0,0,78,76,83,83,83,98,95,0,0,0,0,0,0,0,100,0,0,0,0,0,85,100,100,0,9645727,37,71,0,0,1,0,0,98,0,0,80,11,90
NJ,3271036,100,0,0,0,6,0,83,81,25,84,61,92,61,4,0,66,88,4,5,0,15,0,0,0,15,0,0,0,0,0,7,100,100,0,0,0,0,99,1,1,1,0,2,0,11,81,56,0,94,98,98,95,45,98,8,98,1,93,7,4,98,93,0,98,98,0,0,0,0,0,0,0,3,3,87,99,52,50,100,54,80,95,94,36,3,42,43,43,17,1,1,1,1,0,0,0,0,0,0,0,0,0,0,61,0,0,0,3,0,0,6,0,0,100,0,0,0,0,0,0,0,0,9,0,0,0,0,100,100,77,61,0,0,100,5,98,100,3,0,0,0,0,0,0,41,0,98,0,0,0,100,100,83,0,0,1,1,0,0,75,16,100,33,0,0,0,2,91,100,84,92,0,27,0,36,0,0,26,80,100,97,36,3,40,40,40,16,1,4,4,4,1,0,0,0,0,0,0,3,0,0,0,0,1,0,0,0,0,4,0,0,99,87,99,100,94,0,100,8,100,1,96,8,8,99,89,100,98,98,100,100,100,0,0,6,0,1,0,6,2,2,0,0,0,0,8,0,0,0,0,0,0,0,0,0,0,0,0,0,0,0,0,0,0,0,0,0,0,0,100,3401921,0,0,0,0,77,0,0,66,29,88,88,98,99,93,0,3,0,0,1,3,1,100,87,87,96,97,96,97,100,98,0,19187528,30,86,0,6,6,0,0,98,0,0,83,0,60
NM,1659783,100,0,0,0,16,0,42,40,23,72,6,77,6,0,0,0,20,0,1,0,25,0,0,4,24,0,0,0,0,0,2,92,92,0,0,0,0,98,2,1,2,0,0,0,21,25,8,0,95,98,98,78,84,99,14,98,22,68,8,8,98,95,0,98,98,0,0,0,0,0,0,0,2,1,54,100,13,13,98,20,79,100,100,51,3,33,34,34,18,0,0,1,1,0,0,0,0,0,0,0,0,0,0,9,0,0,0,4,1,6,0,0,0,100,0,0,0,0,0,0,0,9,9,19,14,0,0,100,100,38,22,0,0,53,0,100,68,12,0,2,3,3,34,34,73,34,74,38,0,0,91,91,0,0,0,3,0,8,0,97,13,100,68,0,0,11,0,21,100,56,31,0,6,1,9,8,0,4,76,100,100,48,3,30,30,30,16,0,8,11,11,4,0,1,1,1,0,0,0,10,0,0,0,0,0,0,0,5,6,0,0,97,48,86,58,55,0,100,9,58,18,49,3,3,86,47,100,74,74,100,60,100,0,0,18,0,0,0,0,0,0,0,0,0,0,11,0,1,0,0,0,0,0,0,0,0,0,0,0,0,0,0,0,0,0,0,0,0,0,100,3503141,0,0,0,0,83,0,0,29,5,51,51,84,97,90,3,11,0,8,0,4,0,100,51,51,84,97,96,8,100,100,0,11721797,31,23,0,7,6,0,0,68,0,0,39,5,7
NV,1303465,100,0,0,0,63,26,79,79,76,92,20,93,22,1,0,65,85,42,47,1,70,0,0,23,70,0,0,0,0,0,5,97,97,0,0,0,0,98,2,1,2,0,0,4,28,70,70,1,96,99,98,90,75,99,14,98,1,88,14,12,98,96,0,98,98,2,0,0,0,0,0,0,13,13,92,100,16,15,98,75,74,99,99,49,2,28,29,29,16,0,0,2,2,0,0,0,0,0,0,0,0,0,0,73,1,1,49,31,31,53,14,0,0,100,0,0,0,0,0,0,0,65,71,0,0,0,0,100,100,86,81,0,0,57,0,100,88,2,0,9,56,39,89,79,90,90,97,31,0,0,95,95,0,0,0,2,0,76,0,92,21,100,16,0,0,5,1,32,100,82,39,0,63,1,64,62,0,61,65,100,100,39,2,23,23,23,13,0,10,18,18,5,0,1,1,1,0,0,39,71,0,0,0,11,10,0,0,58,12,0,0,98,81,98,92,89,0,100,12,92,1,90,12,12,97,83,100,95,95,100,83,100,0,0,70,0,0,0,3,2,2,0,0,0,0,54,0,28,0,0,0,0,0,0,0,0,0,0,0,0,0,1,1,2,0,4,4,0,0,100,3201767,0,42,0,0,63,8,8,77,41,80,81,96,98,91,1,5,0,0,0,0,0,100,80,81,95,97,97,97,100,99,33,57623123,54,66,2,20,18,0,0,97,0,0,82,69,31
NY,6538468,100,1,0,0,38,16,72,67,31,85,53,87,58,10,0,22,32,4,7,1,49,0,0,16,43,0,0,0,0,0,20,95,95,0,0,3,3,99,1,1,1,0,3,0,19,71,8,0,95,99,99,94,83,99,10,99,2,89,17,15,99,95,0,99,99,0,0,0,0,0,0,0,2,2,45,99,25,25,99,29,81,97,97,45,3,12,12,12,4,0,0,0,0,0,0,0,0,0,0,0,0,0,0,48,1,0,1,19,18,0,11,0,0,100,0,0,0,0,0,0,0,17,46,42,0,0,0,100,100,66,34,0,0,99,0,98,99,1,0,0,0,0,0,19,32,24,93,0,0,0,95,95,49,0,0,2,1,41,0,95,32,100,73,0,0,9,3,83,100,64,83,0,35,1,41,31,0,31,79,100,100,36,2,10,10,10,3,0,27,30,30,14,0,0,0,0,0,0,7,2,0,1,0,5,5,0,0,37,36,0,0,99,82,99,99,90,0,100,10,99,2,93,15,15,99,82,100,97,97,100,100,100,0,0,5,0,1,2,8,6,3,0,0,0,0,18,0,0,8,0,0,0,0,0,0,0,0,0,0,0,0,0,0,0,1,3,11,0,0,100,3606447,0,0,0,0,81,0,0,70,48,78,78,89,91,82,0,11,2,28,10,8,0,98,71,71,82,91,90,88,100,97,6,27706503,21,63,0,61,61,0,0,93,0,0,70,22,70
OH,6422353,100,0,0,0,49,10,70,67,61,86,52,90,53,9,0,50,86,24,43,1,65,0,0,24,63,0,0,0,0,0,8,94,94,0,0,4,4,96,4,2,4,0,0,0,23,58,29,1,92,96,96,90,83,96,13,96,5,84,5,5,96,92,0,96,96,0,0,0,0,0,0,0,16,14,65,100,16,16,96,48,80,100,100,60,4,32,33,33,23,0,1,1,1,0,0,0,0,0,0,0,0,0,0,60,1,0,0,31,25,3,14,0,0,100,0,0,0,0,0,0,0,58,66,28,5,0,0,100,100,61,58,1,2,11,0,100,65,6,0,0,1,0,10,9,66,10,89,0,0,0,92,92,0,0,0,4,0,82,0,97,11,100,20,0,0,11,0,50,100,71,32,0,51,1,55,48,0,48,75,100,100,56,3,28,28,28,20,0,8,9,9,5,0,0,1,1,0,0,25,33,2,3,0,3,2,0,0,42,30,0,0,99,72,97,97,79,0,100,13,97,6,87,3,3,97,73,100,92,92,100,99,100,0,0,15,0,5,6,34,8,29,0,0,0,0,60,0,12,4,0,0,0,0,0,0,0,0,0,0,0,0,0,0,0,0,5,9,0,0,100,3908464,0,0,0,0,74,0,0,68,56,71,71,94,96,92,3,8,0,32,3,0,0,100,71,71,94,96,96,72,100,100,55,17771096,32,55,0,39,40,2,2,88,0,0,69,27,14
OK,2416928,100,0,0,0,3,2,66,61,55,78,23,87,24,1,0,46,83,33,59,0,59,0,0,8,47,0,0,0,0,0,2,76,76,0,0,2,2,69,31,0,31,0,0,0,24,36,42,2,91,95,94,79,68,96,47,94,3,71,3,3,95,90,0,95,95,0,0,0,0,0,0,0,6,6,82,100,32,32,98,38,74,99,99,48,3,35,35,35,20,0,1,1,1,0,0,0,0,0,0,0,2,0,0,63,0,0,2,28,26,0,55,0,0,100,0,0,0,0,0,0,0,62,66,0,0,0,0,100,100,53,48,1,1,62,0,100,69,9,0,1,40,1,77,77,83,77,78,3,0,0,75,75,0,0,0,1,0,33,0,90,18,100,99,0,0,42,0,25,100,49,47,0,41,6,49,40,0,28,71,100,100,46,3,28,28,28,16,0,9,12,12,5,0,1,1,1,0,0,20,0,0,0,0,4,3,0,0,53,44,0,0,99,60,88,67,65,0,100,43,67,3,61,1,1,88,59,100,83,83,100,99,100,0,0,60,0,0,0,7,1,6,0,0,1,0,39,0,0,0,0,0,8,0,0,0,0,0,0,2,0,0,0,0,0,0,7,7,0,0,100,4008741,0,0,0,0,74,7,8,64,55,65,65,93,93,91,2,7,0,18,0,0,0,100,65,65,93,94,94,42,100,100,9,10265356,39,39,0,0,0,6,7,78,0,0,64,20,18
OR,1995873,100,0,0,0,21,5,73,71,66,82,6,90,6,1,0,60,77,15,22,0,69,0,0,11,64,0,0,0,0,0,6,94,94,0,0,0,0,98,2,1,2,0,4,0,21,65,14,0,93,97,97,84,53,97,43,97,7,82,8,6,97,94,0,96,96,0,0,0,0,0,0,0,20,15,76,98,6,4,99,53,71,95,95,50,2,35,36,36,23,0,1,1,1,0,0,0,0,0,0,0,11,0,0,52,0,0,3,41,29,8,45,0,0,99,0,0,0,0,0,0,0,17,57,13,14,0,0,100,100,67,60,1,1,27,0,96,71,6,0,1,76,65,93,91,66,92,97,1,0,0,91,91,0,0,0,2,0,69,0,82,20,100,92,0,0,1,5,33,100,69,48,0,47,3,51,47,0,42,70,100,99,49,2,32,32,32,22,0,9,12,12,6,0,0,1,1,0,0,24,18,0,0,0,1,1,0,0,12,9,0,0,99,76,96,83,80,0,100,42,83,7,80,5,5,96,76,100,93,93,100,97,100,0,0,49,2,10,2,13,7,9,0,0,0,0,12,0,2,0,1,0,0,0,0,0,0,0,0,0,0,0,0,0,0,0,9,10,0,0,100,4103729,0,2,0,0,69,1,1,53,15,13,13,14,94,93,5,9,0,0,0,1,0,100,78,78,88,98,93,88,100,95,0,12873606,41,50,0,1,1,1,1,95,0,0,75,39,78
PA,6056555,100,0,0,0,1,0,71,68,40,90,33,93,36,2,0,56,86,20,26,0,60,0,0,23,58,0,0,0,0,0,1,95,95,0,0,1,1,99,1,1,1,0,0,0,13,60,34,0,95,99,99,94,80,99,14,99,1,92,4,4,99,95,0,99,99,0,0,0,0,0,0,0,4,4,91,100,23,23,99,46,88,99,99,64,5,40,40,40,27,0,0,1,1,0,0,0,0,0,0,0,0,0,0,62,0,0,0,21,21,3,4,0,0,100,0,0,0,0,0,0,0,40,59,35,3,0,0,100,100,62,51,0,0,33,0,100,57,3,0,0,0,0,0,0,38,0,88,0,0,0,95,95,26,0,0,2,0,46,0,92,14,100,36,0,0,21,0,55,100,64,48,0,30,0,37,16,0,23,86,100,100,61,5,36,36,36,24,0,11,12,12,7,0,0,0,0,0,0,9,8,0,0,0,3,1,0,0,13,8,0,0,99,79,98,96,85,0,100,15,96,1,93,3,3,98,79,100,97,97,100,97,100,0,0,15,0,1,3,15,7,9,0,0,0,0,57,0,4,3,0,0,0,0,0,0,0,0,0,0,0,0,0,0,0,0,3,4,0,0,100,4206294,0,0,0,0,78,0,0,67,43,70,71,80,89,96,2,5,0,15,0,0,0,99,74,74,85,97,96,84,100,100,34,21882520,23,55,0,43,45,0,1,88,0,0,69,9,38
RI,426997,100,0,0,0,52,0,83,83,83,91,0,91,0,0,0,65,85,0,0,0,79,0,0,30,78,1,0,0,0,0,88,100,100,0,0,0,0,100,0,3,0,1,1,0,15,76,30,0,92,96,96,92,82,96,3,96,0,91,6,5,96,93,0,96,96,0,0,0,0,0,0,0,0,29,85,100,55,55,100,59,84,99,99,66,0,5,5,5,3,0,0,0,0,0,0,0,0,0,0,0,0,0,0,82,0,0,0,28,28,0,1,0,0,100,0,0,0,0,0,0,0,32,82,80,0,0,0,100,100,69,63,0,0,38,0,100,69,0,0,0,0,0,0,0,3,0,98,0,0,0,100,100,0,0,0,5,0,0,0,95,40,100,95,0,0,0,1,52,100,94,52,0,35,0,42,0,0,13,80,100,100,55,0,3,3,3,2,0,37,37,37,24,0,0,0,0,0,0,0,0,0,0,0,6,0,0,0,0,0,0,0,97,84,100,100,92,0,100,3,100,0,99,6,6,100,87,100,98,98,100,100,100,0,0,81,1,8,6,53,34,44,0,0,0,0,78,0,0,4,0,0,0,0,0,0,0,0,0,0,0,0,0,0,0,0,0,0,0,0,100,4400614,0,0,0,0,82,0,0,83,79,87,87,90,99,94,0,1,0,0,0,0,0,100,0,0,0,0,0,0,100,99,0,13823738,33,82,0,0,0,0,0,98,0,0,83,10,83
SC,3117768,100,0,0,0,10,1,67,61,52,66,15,73,16,3,0,50,85,24,49,0,48,0,0,10,43,0,0,0,0,0,4,93,93,0,0,0,0,98,2,1,2,0,1,0,15,53,21,0,96,99,99,89,69,99,6,99,2,87,5,4,99,95,0,98,98,0,0,0,0,0,0,0,5,5,81,100,43,43,98,44,82,97,97,61,6,25,26,26,18,1,1,1,1,1,0,0,0,0,0,0,0,0,0,46,0,0,2,21,15,9,29,0,0,100,0,0,0,0,0,0,0,38,43,7,12,0,0,100,100,63,55,0,0,23,0,99,56,5,0,6,0,0,0,1,61,0,90,2,0,0,92,92,0,0,0,4,0,36,0,90,19,100,41,0,0,21,1,51,100,68,57,0,21,2,29,20,0,15,81,100,98,58,6,22,22,22,16,1,11,12,12,7,0,0,0,0,0,0,9,9,0,0,0,3,1,0,0,20,16,0,0,97,74,97,88,80,0,100,6,88,2,84,5,5,97,75,100,94,94,100,82,100,0,0,26,0,0,0,3,2,2,0,0,0,0,18,0,1,0,0,0,0,0,0,0,0,0,0,0,0,0,0,0,0,0,2,2,0,0,100,4504779,0,0,0,0,71,1,2,54,27,51,51,58,94,83,1,6,0,9,0,0,0,95,70,70,81,98,97,68,100,99,16,12728021,28,51,0,12,13,0,1,90,0,0,64,30,37
SD,736753,100,0,0,0,3,0,27,20,9,87,17,87,17,2,0,10,33,3,6,2,18,0,0,2,20,0,0,0,0,0,1,53,53,0,0,0,0,98,2,0,2,0,0,0,31,2,11,0,96,98,98,82,96,98,24,98,5,77,3,3,98,96,0,98,98,0,0,0,0,0,0,0,10,10,35,100,8,8,100,6,73,100,100,44,1,31,32,32,16,0,0,0,0,0,0,0,0,0,0,0,0,0,0,15,2,0,0,5,4,9,11,0,0,100,0,0,0,0,0,0,0,13,15,10,11,0,0,100,100,13,6,0,0,41,0,100,57,0,0,0,0,0,1,1,46,1,16,2,0,0,53,53,0,0,0,0,0,10,0,100,14,100,15,0,0,6,0,1,100,10,9,0,7,0,17,15,0,14,66,100,100,38,1,25,25,25,13,0,11,15,15,6,0,1,1,1,0,0,7,16,0,0,0,0,0,0,0,9,9,0,0,97,44,86,53,50,0,100,20,53,4,49,2,2,85,44,100,86,86,100,76,100,0,0,16,0,0,0,16,9,0,0,0,0,0,10,0,1,1,0,0,0,0,0,0,0,0,0,0,0,0,0,0,0,0,2,2,0,0,100,4607212,0,0,0,0,91,0,0,18,14,39,39,76,93,59,0,5,0,0,0,0,0,67,0,0,1,1,1,10,100,100,8,2228703,37,7,0,8,9,1,1,10,0,0,32,1,2
TN,3579436,100,0,0,0,0,2,77,73,72,82,54,93,55,14,0,60,96,44,77,0,68,0,0,9,21,0,0,0,0,0,3,87,87,0,0,2,2,97,3,1,3,0,0,0,13,67,12,1,93,98,98,90,51,98,7,98,4,87,5,3,98,92,0,98,98,0,0,0,0,0,0,0,21,17,96,100,43,41,99,54,84,97,97,56,4,39,40,40,23,1,1,1,1,1,0,0,0,0,0,0,6,0,0,69,0,0,0,33,27,34,52,0,0,100,0,0,0,0,0,0,0,65,66,3,39,0,0,100,100,77,67,0,0,13,0,100,61,17,0,1,0,0,0,0,71,0,96,1,0,0,86,86,0,0,0,4,0,31,0,79,20,100,17,0,0,9,1,24,100,81,19,0,39,3,44,33,0,35,82,100,98,55,4,35,35,35,21,1,7,8,8,4,0,0,0,0,0,0,35,55,3,3,0,4,3,0,0,56,47,0,0,99,78,99,100,82,0,100,6,100,4,95,3,3,99,79,100,97,97,100,90,100,0,0,61,0,2,1,18,9,14,0,0,0,0,21,0,3,1,0,0,0,0,0,0,0,0,0,0,0,0,3,3,0,0,11,11,0,0,100,4710122,0,0,0,0,68,0,0,72,18,64,64,79,96,96,0,3,0,0,0,0,0,100,77,77,96,99,98,16,100,99,75,11199281,37,77,0,71,72,10,10,96,0,0,77,64,37
TX,14114825,100,0,0,0,12,6,71,69,63,87,24,89,24,1,0,0,68,0,8,0,47,0,0,7,35,0,0,0,0,0,12,87,87,0,0,2,2,98,2,1,2,0,1,0,18,49,24,1,95,98,98,86,74,98,12,98,2,75,8,7,98,95,0,98,98,0,0,0,0,0,0,0,4,3,69,100,13,13,95,38,82,98,98,48,4,32,33,33,16,1,0,1,1,0,0,0,0,0,0,0,1,0,0,44,0,0,6,24,21,10,41,0,0,99,0,0,0,0,0,0,0,48,49,2,12,0,0,100,100,55,40,0,0,60,0,100,72,7,0,0,0,0,0,0,85,0,90,0,0,0,86,86,20,0,0,2,0,68,0,91,15,100,89,0,0,20,1,37,100,78,41,0,44,6,48,43,0,41,78,100,99,45,4,28,29,29,14,0,7,9,9,4,0,0,0,0,0,0,14,11,0,0,0,5,3,0,0,46,32,0,0,97,72,95,89,79,0,100,12,89,2,74,4,4,94,71,100,87,87,100,98,100,0,0,28,0,0,0,0,0,0,0,0,0,0,16,0,0,3,0,0,0,0,0,0,0,0,0,0,0,0,1,1,1,0,2,3,0,0,100,4823342,0,1,0,0,80,6,6,53,14,69,70,86,93,89,3,12,2,25,8,1,0,98,71,72,93,99,98,35,100,99,12,38860165,27,48,0,1,1,2,2,88,0,0,68,36,14
UT,1446678,100,0,0,0,0,0,69,66,58,93,2,97,2,7,0,0,3,0,1,0,53,0,0,15,51,0,0,0,0,0,3,87,87,0,0,0,0,99,1,1,1,0,1,0,30,48,11,2,95,98,98,87,68,98,70,98,30,50,8,6,98,94,0,97,97,0,0,0,0,0,0,0,11,11,70,99,34,33,99,38,71,97,97,47,1,30,32,32,17,0,1,2,2,0,0,0,0,0,0,0,0,0,0,52,0,0,3,24,23,3,12,0,0,98,0,0,0,0,0,0,0,46,55,3,17,0,0,100,100,72,40,0,0,15,0,98,67,2,0,10,0,0,32,32,71,32,72,7,0,0,87,87,0,0,0,2,0,45,0,95,24,100,37,0,0,2,2,4,100,62,7,0,36,3,37,34,0,11,64,100,100,41,1,24,24,24,13,0,10,16,16,5,0,1,1,1,0,0,21,0,0,0,0,1,1,0,0,35,33,0,0,98,71,93,79,78,0,100,68,79,34,43,6,6,92,71,100,87,87,100,60,100,0,0,50,1,5,4,34,22,31,0,0,0,0,48,0,0,0,0,0,0,0,0,0,0,0,0,0,0,0,1,1,1,0,8,8,0,0,100,4903465,0,0,0,0,81,0,0,59,42,70,70,93,96,93,2,6,0,15,0,0,0,99,71,71,95,96,94,64,100,98,27,17797925,59,46,0,26,25,0,0,72,0,0,69,41,39
VA,4025790,100,0,0,0,2,1,70,69,59,78,9,86,10,2,0,50,78,29,43,7,67,0,0,31,64,0,0,0,0,0,2,83,83,0,0,0,0,99,1,0,1,0,1,0,18,47,37,1,97,98,98,90,91,98,6,98,3,89,6,5,98,97,0,98,98,0,0,0,0,0,0,0,27,24,89,100,19,19,98,38,84,99,99,68,7,33,33,33,24,0,0,0,0,0,0,0,0,0,0,0,0,0,0,67,7,0,1,40,32,30,42,0,0,99,0,0,0,0,0,0,0,63,67,29,36,0,0,100,100,53,42,0,0,25,0,100,64,5,0,5,0,0,0,3,69,0,78,2,0,0,81,81,25,0,0,1,0,64,0,98,16,100,58,0,0,6,1,34,100,55,54,0,31,2,38,30,0,27,81,100,100,64,6,29,29,29,21,0,15,17,17,10,0,0,0,0,0,0,27,8,0,0,0,3,2,0,0,36,31,0,0,99,76,98,86,80,0,100,5,86,3,85,5,4,98,76,100,94,94,100,89,100,0,0,59,1,3,1,26,14,17,0,0,0,0,59,0,1,6,0,0,0,0,0,0,0,0,0,0,0,0,0,0,0,0,5,8,0,0,100,5123877,0,0,0,0,83,2,2,67,38,77,78,98,99,92,2,4,0,0,0,0,0,97,77,77,98,98,97,50,100,99,27,8668539,24,49,0,51,52,1,1,78,0,0,70,17,79
VT,353114,100,0,0,0,3,0,46,21,34,89,0,89,0,0,0,15,17,1,1,0,43,0,0,7,43,0,0,0,0,0,3,70,70,0,0,0,0,99,1,0,1,0,3,0,17,48,13,0,94,98,98,83,77,99,5,98,2,76,5,4,98,93,0,98,98,0,0,0,0,0,0,0,0,8,38,99,14,14,100,29,81,95,95,52,3,26,27,27,13,0,1,1,1,0,0,0,0,0,0,0,0,0,0,41,0,0,0,13,12,0,0,0,0,99,0,0,0,0,0,0,0,1,41,13,0,0,0,100,100,51,31,0,0,0,0,100,7,0,0,0,0,0,0,0,1,0,97,0,0,0,70,70,0,0,0,1,0,0,0,96,37,100,21,0,0,95,4,88,100,3,91,0,14,0,21,0,0,2,81,100,99,43,3,23,23,23,11,0,28,32,32,15,0,1,1,1,1,0,0,0,0,0,0,1,0,0,0,0,0,0,0,99,70,98,98,90,0,100,5,98,2,87,4,5,98,73,100,97,97,100,98,100,0,0,15,2,1,1,31,7,30,0,0,0,0,43,0,0,1,0,0,0,0,0,0,0,0,0,0,0,0,0,0,0,0,0,0,0,0,100,5001509,0,0,0,0,78,0,0,33,34,78,80,81,96,66,0,4,0,40,0,1,0,95,0,0,0,0,0,95,100,96,0,3291807,21,62,0,0,0,0,0,97,0,0,45,2,11
WA,3457433,100,4,0,0,28,11,75,73,69,88,11,89,15,9,0,52,71,31,43,1,67,0,0,25,66,0,0,0,0,0,3,93,93,0,0,4,4,99,1,1,1,0,0,0,17,62,32,1,89,93,94,82,51,94,30,93,27,80,9,5,93,90,0,93,93,0,0,0,0,0,0,0,32,27,74,100,2,1,100,52,80,98,98,46,1,35,36,36,21,1,1,1,1,0,0,0,0,0,0,0,0,0,0,49,1,0,0,49,42,22,30,0,0,100,0,0,0,0,0,0,0,26,67,37,19,0,0,100,100,71,61,1,1,39,0,99,75,8,0,5,62,11,84,84,74,84,95,6,0,0,92,92,40,0,0,2,0,80,0,80,20,100,60,0,0,13,1,44,100,76,34,0,53,6,60,52,0,55,79,100,99,45,1,30,31,31,19,1,7,8,8,4,0,0,0,0,0,0,28,35,1,2,0,2,1,0,0,34,24,0,0,90,76,96,85,81,0,100,30,85,30,82,7,7,96,76,100,92,92,100,87,100,0,0,49,0,2,1,21,14,18,2,0,0,0,15,0,0,0,0,0,8,0,0,0,0,0,0,0,0,0,0,0,0,2,4,5,0,0,100,5304302,0,2,0,0,71,2,2,70,38,75,76,88,96,93,4,5,1,0,1,0,0,100,77,77,90,96,95,89,100,99,20,27939875,31,61,0,48,48,1,2,94,0,0,76,37,57
WI,3571896,100,0,0,0,8,3,23,21,15,89,10,91,10,1,0,8,16,3,3,0,23,0,0,7,23,0,0,0,0,0,1,72,72,0,0,0,0,96,4,1,4,0,1,0,25,41,2,0,90,93,93,87,76,93,22,93,3,79,4,3,94,90,0,93,93,0,0,0,0,0,0,0,3,2,52,100,3,3,100,27,73,98,98,58,2,20,21,21,14,0,1,1,1,0,0,0,0,0,0,0,2,0,0,20,0,0,0,8,6,2,4,0,0,100,0,0,0,0,0,0,0,14,18,9,2,0,0,100,100,51,29,0,0,28,0,100,59,4,0,0,16,10,52,53,48,52,66,1,0,0,70,70,2,0,0,2,0,8,0,96,30,100,24,0,0,18,1,38,100,47,39,0,12,0,18,14,0,12,72,100,99,54,2,15,15,15,10,0,25,27,27,18,0,1,1,1,0,0,4,2,0,0,0,1,0,0,0,4,5,0,0,98,63,97,72,70,0,100,19,72,2,66,3,3,97,63,100,94,94,100,88,100,0,0,5,0,0,1,16,3,11,0,0,0,0,18,0,2,2,0,0,0,0,0,0,0,0,0,0,0,0,0,0,0,0,0,1,0,0,100,5507362,0,0,0,0,83,0,0,22,17,65,65,90,90,89,1,5,0,26,0,0,0,99,19,19,23,75,74,41,100,99,4,8617329,32,39,0,6,6,0,0,67,0,0,23,5,27
WV,1511530,100,0,0,0,42,0,45,43,40,92,37,93,37,0,0,22,46,0,0,0,44,0,0,12,44,0,0,0,0,0,1,73,73,0,0,0,0,99,1,1,1,0,0,0,17,26,20,0,89,93,92,73,86,93,4,92,2,70,3,3,93,89,0,93,93,0,0,0,0,0,0,0,0,0,92,100,16,16,100,16,85,100,100,64,6,36,36,36,24,0,0,0,0,0,0,0,0,0,0,0,0,0,0,44,0,0,0,15,15,0,15,0,0,99,0,0,0,0,0,0,0,43,42,44,0,0,0,100,100,27,17,0,0,10,0,96,44,9,0,0,0,0,0,0,37,0,92,0,0,0,68,68,2,0,0,6,0,85,0,99,5,100,46,0,0,95,0,4,100,92,13,0,7,0,9,3,0,6,82,100,100,61,6,31,32,32,21,0,6,6,6,4,0,0,0,0,0,0,3,43,0,0,0,0,0,0,0,5,0,0,0,98,41,89,91,50,0,100,4,91,1,75,4,2,89,41,100,80,80,100,98,100,0,0,0,0,0,0,6,6,1,0,0,0,0,45,0,10,3,0,0,0,0,0,0,0,0,0,0,0,0,0,0,0,0,1,1,0,0,100,5405293,0,0,0,0,85,0,0,45,44,60,60,95,99,85,0,12,3,14,0,0,0,100,56,56,93,93,93,92,100,100,86,4326353,22,53,0,85,90,0,0,92,0,0,45,0,0
WY,374856,100,0,0,0,0,0,70,69,32,88,0,88,0,0,0,0,10,0,1,0,62,0,0,12,40,0,0,0,0,0,4,68,68,0,0,1,1,98,2,1,2,0,0,0,31,18,55,4,95,96,96,70,89,96,17,96,2,63,6,5,96,94,0,96,96,0,0,0,0,0,0,0,33,33,35,100,19,19,98,19,74,100,100,53,2,27,27,27,17,0,0,1,1,0,0,0,0,0,0,0,1,0,0,65,0,0,1,17,5,1,12,0,0,99,0,0,0,0,0,0,0,22,65,10,63,0,0,100,100,36,19,1,1,40,0,100,65,4,0,0,0,0,25,25,60,25,46,0,0,0,64,64,0,0,0,2,0,11,0,99,18,100,99,0,0,81,0,20,100,31,25,0,22,1,43,39,0,42,71,100,100,48,2,22,22,22,14,0,13,17,17,8,0,1,1,1,0,0,5,15,0,0,0,3,0,0,0,38,40,0,0,96,66,95,91,80,0,100,21,90,1,78,6,6,95,65,100,90,90,100,94,100,0,0,64,0,0,0,31,23,15,0,0,0,0,34,0,0,0,0,0,0,0,0,0,0,0,0,0,0,0,0,0,0,0,19,19,0,0,100,5602260,0,0,0,0,74,12,13,68,48,73,74,85,96,88,2,1,0,0,0,0,0,99,73,74,85,96,96,43,100,100,4,2551917,39,29,0,5,6,8,8,44,0,1,71,9,8
