"Download Sustained Trimmed Mean",,,,,,,,,,,,,,,,,,,,,,,,,,,,,,,,,,,,,,,,,,,,,,,,,,,,,,,,,,,,,,,,,,,,,,,,,,,,,,,,,,,,,,,,,,,,,,,,,,,,,,,,,,,,,,,,,,,,,,,,,,,,,,,,,,,,,,,,,,,,,,,
Peak,,,,,,,,,,,,,,,,,,,,,,,,,,,,,,,,,,,,,,,,,,,,,,,,,,,,,,,,,,,,,,,,,,,,,,,,,,,,,,,,,,,,,,,,,,,,,,,,,,,,,,,,,,,,,,,,,,,,,,,,,,,,,,,,,,,,,,,,,,,,,,,
,CenturyLink,,,,,,,,,,,"Cincinnati Bell DSL",,,,,,,,,,,"Frontier DSL",,,,,,,,,,,Windstream,,,,,,,,,,,Charter,,,,,,,,,,,Comcast,,,,,,,,,,,Cox,,,,,,,,,,,Mediacom,,,,,,,,,,,Optimum,,,,,,,,,,,"Cincinnati Bell Fiber",,,,,,,,,,,"Frontier Fiber",,,,,,,,,,,Verizon,,,,,,,,,,,Total,,,,,,,,,,
"Tier (Mbps)","Weighted Mean","Unweighted Mean","Weighted mean of medians","Unweighted mean of medians","Weighted Mean % advertised","Unweighted Mean % advertised","Weighted Mean of Medians % Advertised","Unweighted Mean of Medians % Advertised","Standard Deviation","95% C.I","Unweighted Valid N","Weighted Mean","Unweighted Mean","Weighted mean of medians","Unweighted mean of medians","Weighted Mean % advertised","Unweighted Mean % advertised","Weighted Mean of Medians % Advertised","Unweighted Mean of Medians % Advertised","Standard Deviation","95% C.I","Unweighted Valid N","Weighted Mean","Unweighted Mean","Weighted mean of medians","Unweighted mean of medians","Weighted Mean % advertised","Unweighted Mean % advertised","Weighted Mean of Medians % Advertised","Unweighted Mean of Medians % Advertised","Standard Deviation","95% C.I","Unweighted Valid N","Weighted Mean","Unweighted Mean","Weighted mean of medians","Unweighted mean of medians","Weighted Mean % advertised","Unweighted Mean % advertised","Weighted Mean of Medians % Advertised","Unweighted Mean of Medians % Advertised","Standard Deviation","95% C.I","Unweighted Valid N","Weighted Mean","Unweighted Mean","Weighted mean of medians","Unweighted mean of medians","Weighted Mean % advertised","Unweighted Mean % advertised","Weighted Mean of Medians % Advertised","Unweighted Mean of Medians % Advertised","Standard Deviation","95% C.I","Unweighted Valid N","Weighted Mean","Unweighted Mean","Weighted mean of medians","Unweighted mean of medians","Weighted Mean % advertised","Unweighted Mean % advertised","Weighted Mean of Medians % Advertised","Unweighted Mean of Medians % Advertised","Standard Deviation","95% C.I","Unweighted Valid N","Weighted Mean","Unweighted Mean","Weighted mean of medians","Unweighted mean of medians","Weighted Mean % advertised","Unweighted Mean % advertised","Weighted Mean of Medians % Advertised","Unweighted Mean of Medians % Advertised","Standard Deviation","95% C.I","Unweighted Valid N","Weighted Mean","Unweighted Mean","Weighted mean of medians","Unweighted mean of medians","Weighted Mean % advertised","Unweighted Mean % advertised","Weighted Mean of Medians % Advertised","Unweighted Mean of Medians % Advertised","Standard Deviation","95% C.I","Unweighted Valid N","Weighted Mean","Unweighted Mean","Weighted mean of medians","Unweighted mean of medians","Weighted Mean % advertised","Unweighted Mean % advertised","Weighted Mean of Medians % Advertised","Unweighted Mean of Medians % Advertised","Standard Deviation","95% C.I","Unweighted Valid N","Weighted Mean","Unweighted Mean","Weighted mean of medians","Unweighted mean of medians","Weighted Mean % advertised","Unweighted Mean % advertised","Weighted Mean of Medians % Advertised","Unweighted Mean of Medians % Advertised","Standard Deviation","95% C.I","Unweighted Valid N","Weighted Mean","Unweighted Mean","Weighted mean of medians","Unweighted mean of medians","Weighted Mean % advertised","Unweighted Mean % advertised","Weighted Mean of Medians % Advertised","Unweighted Mean of Medians % Advertised","Standard Deviation","95% C.I","Unweighted Valid N","Weighted Mean","Unweighted Mean","Weighted mean of medians","Unweighted mean of medians","Weighted Mean % advertised","Unweighted Mean % advertised","Weighted Mean of Medians % Advertised","Unweighted Mean of Medians % Advertised","Standard Deviation","95% C.I","Unweighted Valid N","Weighted Mean","Unweighted Mean","Weighted mean of medians","Unweighted mean of medians","Weighted Mean % advertised","Unweighted Mean % advertised","Weighted Mean of Medians % Advertised","Unweighted Mean of Medians % Advertised","Standard Deviation","95% C.I","Unweighted Valid N"
1.5,1.2060026629923444,1.2060026629923444,1.1991006451612902,1.1991006451612902,0.8040017753282296,0.8040017753282296,0.8283833846153846,0.8283833846153846,0.20815179515841442,"1.16 - 1.26",65,,,,,,,,,,,,,,,,,,,,,,,,,,,,,,,,,,,,,,,,,,,,,,,,,,,,,,,,,,,,,,,,,,,,,,,,,,,,,,,,,,,,,,,,,,,,,,,,,,,,,,,,,,,,,,,,,,,,,,,,,,1.2060026629923444,1.2060026629923444,1.1991006451612902,1.1991006451612902,0.8040017753282296,0.8040017753282296,0.8283833846153846,0.8283833846153846,0.20815179515841442,"1.16 - 1.26",65
3,2.8308073030416794,2.8308073030416794,2.7258055999999997,2.7258055999999997,0.9436024343472262,0.9436024343472263,0.9669765066666667,0.9669765066666667,0.7842891984392539,"2.61 - 3.05",50,,,,,,,,,,,,,,,,,,,,,,,,,,,,,,,,,,,,,,,,,,,,,,,,,,,,,,,,,,,,,,,,,,,,,,,,,,,,,,,,,,,,,,,,,,,,,,,,,,,,,,,,,,,,,,,,,,,,,,,,,,2.8308073030416794,2.8308073030416794,2.7258055999999997,2.7258055999999997,0.9436024343472262,0.9436024343472263,0.9669765066666667,0.9669765066666667,0.7842891984392539,"2.61 - 3.05",50
5,,,,,,,,,,,,3.5639886006986523,3.5639886006986523,3.9455514285714277,3.945551428571428,0.7127977201397304,0.7127977201397305,0.7270321142857142,0.7270321142857142,1.0606592100555914,"3.27 - 3.86",49,,,,,,,,,,,,,,,,,,,,,,,,,,,,,,,,,,,,,,,,,,,,,,,,,,,,,,,,,,,,,,,,,,,,,,,,,,,,,,,,,,,,,,,,,,,,,,,,,,,,,,,,,,,,,,,3.5639886006986523,3.5639886006986523,3.9455514285714277,3.945551428571428,0.7127977201397304,0.7127977201397305,0.7270321142857142,0.7270321142857142,1.0606592100555914,"3.27 - 3.86",49
10,9.082717566175882,9.082717566175882,9.217221777777777,9.217221777777777,0.9082717566175882,0.9082717566175882,0.9349287492957746,0.9349287492957746,1.231185830011396,"8.8 - 9.37",71,,,,,,,,,,,,,,,,,,,,,,,9.595165467339433,9.595165467339433,9.703626,9.703626,0.9595165467339433,0.9595165467339433,0.98679696,0.98679696,1.198010861750715,"9.28 - 9.91",55,,,,,,,,,,,,,,,,,,,,,,,,,,,,,,,,,,,,,,,,,,,,,,,,,,,,,,,,,,,,,,,,,,,,,,,,,,,,,,,,,,,,,,,,,9.121948800970456,9.306405142080607,9.254459198799005,9.429541081128747,0.9121948800970457,0.9306405142080606,0.9388995996942087,0.9575696349206348,1.2385421234615648,"8.91 - 9.34",126
12,12.09127562169382,12.09127562169382,11.874422666666666,11.874422666666666,1.0076063018078183,1.0076063018078183,1.0407956512820513,1.0407956512820513,2.3653194794199446,"11.52 - 12.67",65,,,,,,,,,,,,11.933674601554724,11.933674601554722,11.234359764705882,11.234359764705882,0.9944728834628935,0.9944728834628936,1.0322138737373736,1.0322138737373736,2.5153954803497123,"11.33 - 12.54",66,12.48191274070428,12.48191274070428,12.591134965819457,12.591134965819457,1.04015939505869,1.04015939505869,1.0807144466666665,1.0807144466666667,1.194121410222462,"12.15 - 12.81",50,,,,,,,,,,,,,,,,,,,,,,,,,,,,,,,,,,,,,,,,,,,,,,,,,,,,,,,,,,,,,,,,,,,,,,,,,,,,,,,,,,,,,,,,,12.08979869730171,12.141718652750962,11.75703068819001,11.839016387264609,1.0074832247751424,1.0118098877292467,1.0431034587373462,1.0486936758747698,2.170523560643656,"11.77 - 12.41",181
15,,,,,,,,,,,,,,,,,,,,,,,,,,,,,,,,,,15.484972828435355,15.484972828435355,15.73925123076923,15.73925123076923,1.0323315218956906,1.0323315218956903,1.0695696888888888,1.0695696888888888,1.0381577677991973,"15.18 - 15.79",45,,,,,,,,,,,,,,,,,,,,,,,,,,,,,,,,,,,,,,,,,,,,,,,,,,,,,,,,,,,,,,,,,,,,,,,,,,,,,,,,,,,,,,,,,15.484972828435355,15.484972828435355,15.73925123076923,15.73925123076923,1.0323315218956906,1.0323315218956903,1.0695696888888888,1.0695696888888888,1.0381577677991973,"15.18 - 15.79",45
18,,,,,,,,,,,,,,,,,,,,,,,17.96558612597483,17.96558612597483,17.83863245614035,17.83863245614035,0.9980881181097129,0.9980881181097128,1.0248444090909092,1.024844409090909,2.7611073702501256,"17.15 - 18.78",44,,,,,,,,,,,,,,,,,,,,,,,,,,,,,,,,,,,,,,,,,,,,,,,,,,,,,,,,,,,,,,,,,,,,,,,,,,,,,,,,,,,,,,,,,,,,,,,,,,,,17.96558612597483,17.96558612597483,17.83863245614035,17.83863245614035,0.9980881181097129,0.9980881181097128,1.0248444090909092,1.024844409090909,2.7611073702501256,"17.15 - 18.78",44
20,18.936149184574592,18.936149184574592,18.926487529411766,18.92648752941177,0.9468074592287297,0.9468074592287296,0.9741430947368422,0.974143094736842,2.414562077172836,"18.31 - 19.56",57,,,,,,,,,,,,,,,,,,,,,,,,,,,,,,,,,,,,,,,,,,,,,,,,,,,,,,,,,,,,,,,,,,,,,,,,,,,,,,,,,,,,,,,,,,,,,,,,,,,,,,,,,,,,,,,,,,,,,,,,,,18.936149184574592,18.936149184574592,18.926487529411766,18.92648752941177,0.9468074592287297,0.9468074592287296,0.9741430947368422,0.974143094736842,2.414562077172836,"18.31 - 19.56",57
25,23.07301666500894,23.073016665008936,23.589660799999994,23.589660799999997,0.9229206666003574,0.9229206666003574,0.9508154139534885,0.9508154139534883,2.3468971974021104,"22.58 - 23.57",86,,,,,,,,,,,,,,,,,,,,,,,24.376035361870272,24.376035361870272,24.70568387044534,24.70568387044534,0.975041414474811,0.975041414474811,1.0045367628571427,1.0045367628571429,2.470625353352055,"23.73 - 25.02",56,,,,,,,,,,,,28.57846444941246,28.57846444941246,28.920025,28.920025,1.1431385779764984,1.1431385779764984,1.1730373866666666,1.1730373866666666,1.2494854302425997,"28.25 - 28.9",57,,,,,,,,,,,,,,,,,,,,,,,,,,,,,,,,,,,,,,,,,,,,,,,,,,,,,,,,,,,,,,,,,,,27.980602953339204,25.01663259835183,28.33165918174676,25.430505279120297,1.1192241181335683,1.0006653039340732,1.1489789402192325,1.0295844992964824,3.14812570697169,"27.54 - 28.42",199
40,39.48772292395871,39.48772292395871,39.45391354285714,39.45391354285714,0.9871930730989678,0.9871930730989678,1.0114050785714286,1.0114050785714286,4.45135175187392,"38.32 - 40.65",56,,,,,,,,,,,,,,,,,,,,,,,,,,,,,,,,,,,,,,,,,,,,,,,,,,,,,,,,,,,,,,,,,,,,,,,,,,,,,,,,,,,,,,,,,,,,,,,,,,,,,,,,,,,,,,,,,,,,,,,,,,39.48772292395871,39.48772292395871,39.45391354285714,39.45391354285714,0.9871930730989678,0.9871930730989678,1.0114050785714286,1.0114050785714286,4.45135175187392,"38.32 - 40.65",56
50,,,,,,,,,,,,41.49688137415,41.49688137415,41.65196838095238,41.65196838095238,0.829937627483,0.829937627483,0.8426246212765958,0.8426246212765958,7.675677509576592,"39.3 - 43.69",47,,,,,,,,,,,,,,,,,,,,,,,,,,,,,,,,,,,,,,,,,,,,,56.78806984920775,56.78806984920775,58.396073894736844,58.396073894736844,1.135761396984155,1.135761396984155,1.1507058000000001,1.1507058,5.031886531911108,"55.49 - 58.08",58,,,,,,,,,,,,,,,,,,,,,,,,,,,,,,,,,,,,,,,,,,,,,56.131918405144425,56.131918405144425,56.550094736842105,56.5500947368421,1.1226383681028884,1.1226383681028886,1.1311027425641025,1.1311027425641025,1.5388682472731556,"55.65 - 56.61",39,56.32654207319335,51.61948815027592,57.61607510982267,52.431031212057924,1.126530841463867,1.0323897630055183,1.1398523784505286,1.044842365,8.929741497317803,"54.87 - 57.79",144
60,,,,,,,,,,,,,,,,,,,,,,,,,,,,,,,,,,,,,,,,,,,,,,,,,,,,,,,,,,,,,,,,,,,,,,,,,,,,,,75.63434508513812,75.63434508513812,79.2852942072829,79.2852942072829,1.2605724180856355,1.2605724180856355,1.2780715933333333,1.2780715933333333,9.364491078336021,"72.73 - 78.54",40,,,,,,,,,,,,,,,,,,,,,,,,,,,,,,,,,,,,,,,,,,,,,75.63434508513812,75.63434508513812,79.2852942072829,79.2852942072829,1.2605724180856355,1.2605724180856355,1.2780715933333333,1.2780715933333333,9.364491078336021,"72.73 - 78.54",40
75,,,,,,,,,,,,,,,,,,,,,,,,,,,,,,,,,,,,,,,,,,,,,,,,,,,,,,,,86.9123320456771,86.9123320456771,87.21189766666666,87.21189766666666,1.1588310939423616,1.1588310939423614,1.1735422603174603,1.1735422603174603,2.1396693799422137,"86.27 - 87.56",42,,,,,,,,,,,,,,,,,,,,,,,,,,,,,,,,,,,,,,,,,,,,,79.77842486543412,79.77842486543412,81.04354878350514,81.04354878350516,1.0637123315391217,1.0637123315391215,1.0738342339622642,1.0738342339622642,3.2441936650213807,"78.91 - 80.65",53,80.98324994693387,80.98324994693388,81.41931853571428,81.41931853571428,1.0797766659591184,1.0797766659591184,1.090058644,1.090058644,2.31262042376269,"80.27 - 81.7",40,81.9751022596582,82.3548478641763,82.4885886933112,83.07392984410625,1.0930013634621092,1.0980646381890173,1.1041168593552984,1.1096617414320986,4.091313874386202,"81.28 - 82.67",135
80,76.56354570320879,76.56354570320879,77.14466969369369,77.14466969369369,0.9570443212901099,0.9570443212901099,0.9786602608433734,0.9786602608433734,5.843274462497425,"75.31 - 77.82",83,,,,,,,,,,,,,,,,,,,,,,,,,,,,,,,,,,,,,,,,,,,,,,,,,,,,,,,,,,,,,,,,,,,,,,,,,,,,,,,,,,,,,,,,,,,,,,,,,,,,,,,,,,,,,,,,,,,,,,,,,,76.56354570320879,76.56354570320879,77.14466969369369,77.14466969369369,0.9570443212901099,0.9570443212901099,0.9786602608433734,0.9786602608433734,5.843274462497425,"75.31 - 77.82",83
100,95.75845761003825,95.75845761003826,97.50170681940145,97.50170681940145,0.9575845761003826,0.9575845761003826,0.9763899266666666,0.9763899266666667,5.675722797620275,"94.04 - 97.47",42,,,,,,,,,,,,,,,,,,,,,,,,,,,,,,,,,,113.41330558846047,113.41330558846046,114.07749270588235,114.07749270588235,1.1341330558846048,1.1341330558846046,1.1507458887272728,1.1507458887272728,6.224530278014186,"111.77 - 115.06",55,113.3410078945371,113.34100789453709,116.69430339473682,116.69430339473683,1.133410078945371,1.133410078945371,1.1512263731034482,1.1512263731034482,7.978698399438404,"111.29 - 115.39",58,,,,,,,,,,,,129.0081675357225,129.0081675357225,130.63371692307692,130.63371692307692,1.290081675357225,1.2900816753572248,1.3104452195121952,1.3104452195121952,4.77495385630812,"127.55 - 130.47",41,111.97938360061033,111.97938360061032,113.25461444444443,113.25461444444443,1.1197938360061033,1.1197938360061033,1.1373027263157895,1.1373027263157895,3.219247265071468,"110.96 - 113",38,,,,,,,,,,,,97.57085630622612,97.57085630622612,98.25455238095238,98.25455238095238,0.9757085630622612,0.9757085630622613,0.9845503219512194,0.9845503219512195,2.6038282791850214,"96.77 - 98.37",41,98.61227490804032,98.6122749080403,99.18127771428571,99.18127771428571,0.9861227490804031,0.9861227490804031,0.9932746888311689,0.9932746888311688,1.5560684619705778,"98.26 - 98.96",77,112.02497452654346,107.8734863838985,113.40079284892163,109.26890953547505,1.1202497452654343,1.078734863838985,1.1362633616853621,1.09336648375,11.729260969501729,"110.8 - 113.25",352
150,,,,,,,,,,,,,,,,,,,,,,,,,,,,,,,,,,,,,,,,,,,,,,,,,,,,,,,,,,,,,,,,,,,166.93808911542413,166.93808911542413,170.2677600190476,170.2677600190476,1.1129205941028277,1.1129205941028275,1.1327246231884058,1.1327246231884058,11.98697264163283,"163.47 - 170.4",46,,,,,,,,,,,,,,,,,,,,,,,,,,,,,,,,,,,,,,,,,,,,,,,,,,,,,,,,166.93808911542413,166.93808911542413,170.2677600190476,170.2677600190476,1.1129205941028277,1.1129205941028275,1.1327246231884058,1.1327246231884058,11.98697264163283,"163.47 - 170.4",46
175,,,,,,,,,,,,,,,,,,,,,,,,,,,,,,,,,,,,,,,,,,,,,,,,,,,,,,,,201.55150882873426,201.55150882873426,205.8831334363636,205.8831334363636,1.1517229075927673,1.1517229075927673,1.1671900757894738,1.1671900757894735,10.666472001914446,"198.16 - 204.94",38,,,,,,,,,,,,,,,,,,,,,,,,,,,,,,,,,,,,,,,,,,,,,,,,,,,,,,,,,,,,,,,,,,,201.55150882873426,201.55150882873426,205.8831334363636,205.8831334363636,1.1517229075927673,1.1517229075927673,1.1671900757894738,1.1671900757894735,10.666472001914446,"198.16 - 204.94",38
200,,,,,,,,,,,,,,,,,,,,,,,,,,,,,,,,,,,,,,,,,,,,,220.9960630301907,220.99606303019073,230.15458441666664,230.15458441666664,1.1049803151509536,1.1049803151509536,1.1153409369047618,1.1153409369047618,25.50470616883285,"215.54 - 226.45",84,228.8771325676118,228.87713256761182,234.57921113333333,234.57921113333333,1.144385662838059,1.144385662838059,1.162251181212121,1.1622511812121212,11.486353079300486,"226.11 - 231.65",66,,,,,,,,,,,,240.60776602330603,240.60776602330603,249.53483284210526,249.53483284210526,1.2030388301165302,1.2030388301165302,1.2270260384313725,1.2270260384313725,29.549147327698257,"232.5 - 248.72",51,209.5907161180269,209.5907161180269,220.58696878947367,220.58696878947367,1.0479535805901345,1.0479535805901345,1.0622243286206896,1.0622243286206896,21.281703816425555,"204.11 - 215.07",58,,,,,,,,,,,,,,,,,,,,,,,,,,,,,,,,,,223.87925028287395,224.312037243369,231.69276127247701,232.95572853489128,1.1193962514143698,1.121560186216845,1.1332758230477156,1.1373921068725867,24.93805016422053,"220.84 - 226.92",259
250,,,,,,,,,,,,,,,,,,,,,,,,,,,,,,,,,,,,,,,,,,,,,,,,,,,,,,,,,,,,,,,,,,,,,,,,,,,,,,,,,,,,,,,,,,,,,,,,,,,,268.35909799746025,268.3590979974602,271.40579552941176,271.40579552941176,1.073436391989841,1.0734363919898409,1.079711278095238,1.079711278095238,13.226490499482418,"264.36 - 272.36",42,,,,,,,,,,,,,,,,,,,,,,,268.35909799746025,268.3590979974602,271.40579552941176,271.40579552941176,1.073436391989841,1.0734363919898409,1.079711278095238,1.079711278095238,13.226490499482418,"264.36 - 272.36",42
300,,,,,,,,,,,,,,,,,,,,,,,,,,,,,,,,,,,,,,,,,,,,,,,,,,,,,,,,341.7119216683126,341.7119216683126,354.0589222,354.0589222,1.1390397388943754,1.1390397388943752,1.1617158797777778,1.1617158797777778,23.97920566714643,"335.64 - 347.78",60,322.3335836359533,322.3335836359533,330.147692,330.147692,1.0744452787865109,1.074445278786511,1.088023585982906,1.088023585982906,27.825753373338763,"313.6 - 331.07",39,,,,,,,,,,,,311.5965401544092,311.5965401544092,323.0476284444444,323.0476284444444,1.0386551338480308,1.0386551338480305,1.0524798684210526,1.0524798684210526,32.94918163029271,"301.12 - 322.07",38,,,,,,,,,,,,,,,,,,,,,,,,,,,,,,,,,,331.7753374308723,327.8422889618137,342.9090605698415,338.65040292619625,1.105917791436241,1.0928076298727125,1.1248842753752817,1.11043874189781,30.470707446843907,"326.67 - 336.88",137
400,,,,,,,,,,,,,,,,,,,,,,,,,,,,,,,,,,,,,,,,,,,,,444.02211379987983,444.0221137998798,461.1118834385965,461.11188343859646,1.1100552844996996,1.1100552844996996,1.122989410888889,1.122989410888889,57.068063429906985,"432.23 - 455.81",90,,,,,,,,,,,,,,,,,,,,,,,,,,,,,,,,,,,,,,,,,,,,,,,,,,,,,,,,,,,,,,,,,,,,,,,,,,,,,,444.02211379987983,444.0221137998798,461.1118834385965,461.11188343859646,1.1100552844996996,1.1100552844996996,1.122989410888889,1.122989410888889,57.068063429906985,"432.23 - 455.81",90
500,,,,,,,,,,,,,,,,,,,,,,,,,,,,,,,,,,,,,,,,,,,,,,,,,,,,,,,,,,,,,,,,,,,,,,,,,,,,,,529.4900128824695,529.4900128824695,561.4144973333333,561.4144973333333,1.058980025764939,1.058980025764939,1.0739491973953488,1.0739491973953488,73.36627661697743,"507.56 - 551.42",43,,,,,,,,,,,,425.9338578000596,425.9338578000596,379.070834,379.070834,0.8518677156001193,0.8518677156001192,0.8500338978417267,0.8500338978417266,94.10121222563906,"410.29 - 441.58",139,490.64100245125354,490.64100245125354,501.3800804571428,501.3800804571429,0.9812820049025072,0.981282004902507,0.9846991036470588,0.9846991036470588,41.53195420835086,"480.77 - 500.51",68,,,,,,,,,,,,476.3065332676148,461.34585981935885,472.35511464829204,443.7020591296762,0.9526130665352296,0.9226917196387178,0.9560769098372879,0.925176265344,89.53190773575423,"465.21 - 487.41",250
Total,,,,,,,,,,,,,,,,,,,,,,,,,,,,,,,,,,,,,,,,,,,,,,,,,,,,,,,,,,,,,,,,,,,,,,,,,,,,,,,,,,,,,,,,,,,,,,,,,,,,,,,,,,,,,,,,,,,,,,,,,,,,,,,,,,,,,,,,,,,,,,,
"Download Sustained Trimmed Mean",,,,,,,,,,,,,,,,,,,,,,,,,,,,,,,,,,,,,,,,,,,,,,,,,,,,,,,,,,,,,,,,,,,,,,,,,,,,,,,,,,,,,,,,,,,,,,,,,,,,,,,,,,,,,,,,,,,,,,,,,,,,,,,,,,,,,,,,,,,,,,,
Offpeak,,,,,,,,,,,,,,,,,,,,,,,,,,,,,,,,,,,,,,,,,,,,,,,,,,,,,,,,,,,,,,,,,,,,,,,,,,,,,,,,,,,,,,,,,,,,,,,,,,,,,,,,,,,,,,,,,,,,,,,,,,,,,,,,,,,,,,,,,,,,,,,
,CenturyLink,,,,,,,,,,,"Cincinnati Bell DSL",,,,,,,,,,,"Frontier DSL",,,,,,,,,,,Windstream,,,,,,,,,,,Charter,,,,,,,,,,,Comcast,,,,,,,,,,,Cox,,,,,,,,,,,Mediacom,,,,,,,,,,,Optimum,,,,,,,,,,,"Cincinnati Bell Fiber",,,,,,,,,,,"Frontier Fiber",,,,,,,,,,,Verizon,,,,,,,,,,,Total,,,,,,,,,,
"Tier (Mbps)","Weighted Mean","Unweighted Mean","Weighted mean of medians","Unweighted mean of medians","Weighted Mean % advertised","Unweighted Mean % advertised","Weighted Mean of Medians % Advertised","Unweighted Mean of Medians % Advertised","Standard Deviation","95% C.I","Unweighted Valid N","Weighted Mean","Unweighted Mean","Weighted mean of medians","Unweighted mean of medians","Weighted Mean % advertised","Unweighted Mean % advertised","Weighted Mean of Medians % Advertised","Unweighted Mean of Medians % Advertised","Standard Deviation","95% C.I","Unweighted Valid N","Weighted Mean","Unweighted Mean","Weighted mean of medians","Unweighted mean of medians","Weighted Mean % advertised","Unweighted Mean % advertised","Weighted Mean of Medians % Advertised","Unweighted Mean of Medians % Advertised","Standard Deviation","95% C.I","Unweighted Valid N","Weighted Mean","Unweighted Mean","Weighted mean of medians","Unweighted mean of medians","Weighted Mean % advertised","Unweighted Mean % advertised","Weighted Mean of Medians % Advertised","Unweighted Mean of Medians % Advertised","Standard Deviation","95% C.I","Unweighted Valid N","Weighted Mean","Unweighted Mean","Weighted mean of medians","Unweighted mean of medians","Weighted Mean % advertised","Unweighted Mean % advertised","Weighted Mean of Medians % Advertised","Unweighted Mean of Medians % Advertised","Standard Deviation","95% C.I","Unweighted Valid N","Weighted Mean","Unweighted Mean","Weighted mean of medians","Unweighted mean of medians","Weighted Mean % advertised","Unweighted Mean % advertised","Weighted Mean of Medians % Advertised","Unweighted Mean of Medians % Advertised","Standard Deviation","95% C.I","Unweighted Valid N","Weighted Mean","Unweighted Mean","Weighted mean of medians","Unweighted mean of medians","Weighted Mean % advertised","Unweighted Mean % advertised","Weighted Mean of Medians % Advertised","Unweighted Mean of Medians % Advertised","Standard Deviation","95% C.I","Unweighted Valid N","Weighted Mean","Unweighted Mean","Weighted mean of medians","Unweighted mean of medians","Weighted Mean % advertised","Unweighted Mean % advertised","Weighted Mean of Medians % Advertised","Unweighted Mean of Medians % Advertised","Standard Deviation","95% C.I","Unweighted Valid N","Weighted Mean","Unweighted Mean","Weighted mean of medians","Unweighted mean of medians","Weighted Mean % advertised","Unweighted Mean % advertised","Weighted Mean of Medians % Advertised","Unweighted Mean of Medians % Advertised","Standard Deviation","95% C.I","Unweighted Valid N","Weighted Mean","Unweighted Mean","Weighted mean of medians","Unweighted mean of medians","Weighted Mean % advertised","Unweighted Mean % advertised","Weighted Mean of Medians % Advertised","Unweighted Mean of Medians % Advertised","Standard Deviation","95% C.I","Unweighted Valid N","Weighted Mean","Unweighted Mean","Weighted mean of medians","Unweighted mean of medians","Weighted Mean % advertised","Unweighted Mean % advertised","Weighted Mean of Medians % Advertised","Unweighted Mean of Medians % Advertised","Standard Deviation","95% C.I","Unweighted Valid N","Weighted Mean","Unweighted Mean","Weighted mean of medians","Unweighted mean of medians","Weighted Mean % advertised","Unweighted Mean % advertised","Weighted Mean of Medians % Advertised","Unweighted Mean of Medians % Advertised","Standard Deviation","95% C.I","Unweighted Valid N","Weighted Mean","Unweighted Mean","Weighted mean of medians","Unweighted mean of medians","Weighted Mean % advertised","Unweighted Mean % advertised","Weighted Mean of Medians % Advertised","Unweighted Mean of Medians % Advertised","Standard Deviation","95% C.I","Unweighted Valid N"
1.5,1.2719229308698825,1.2719229308698825,1.252206322580645,1.252206322580645,0.8479486205799217,0.8479486205799217,0.8756765128205127,0.8756765128205127,0.15614124462559373,"1.23 - 1.31",65,,,,,,,,,,,,,,,,,,,,,,,,,,,,,,,,,,,,,,,,,,,,,,,,,,,,,,,,,,,,,,,,,,,,,,,,,,,,,,,,,,,,,,,,,,,,,,,,,,,,,,,,,,,,,,,,,,,,,,,,,,1.2719229308698825,1.2719229308698825,1.252206322580645,1.252206322580645,0.8479486205799217,0.8479486205799217,0.8756765128205127,0.8756765128205127,0.15614124462559373,"1.23 - 1.31",65
3,2.979106041249843,2.979106041249843,2.7824617260385,2.7824617260385,0.9930353470832809,0.993035347083281,1.0068689866666667,1.0068689866666667,0.8147389370117217,"2.75 - 3.2",50,,,,,,,,,,,,,,,,,,,,,,,,,,,,,,,,,,,,,,,,,,,,,,,,,,,,,,,,,,,,,,,,,,,,,,,,,,,,,,,,,,,,,,,,,,,,,,,,,,,,,,,,,,,,,,,,,,,,,,,,,,2.979106041249843,2.979106041249843,2.7824617260385,2.7824617260385,0.9930353470832809,0.993035347083281,1.0068689866666667,1.0068689866666667,0.8147389370117217,"2.75 - 3.2",50
5,,,,,,,,,,,,3.676829756072899,3.676829756072899,4.152651798561151,4.152651798561151,0.7353659512145798,0.7353659512145798,0.7437448979591835,0.7437448979591836,0.9715793967166371,"3.4 - 3.95",49,,,,,,,,,,,,,,,,,,,,,,,,,,,,,,,,,,,,,,,,,,,,,,,,,,,,,,,,,,,,,,,,,,,,,,,,,,,,,,,,,,,,,,,,,,,,,,,,,,,,,,,,,,,,,,,3.676829756072899,3.676829756072899,4.152651798561151,4.152651798561151,0.7353659512145798,0.7353659512145798,0.7437448979591835,0.7437448979591836,0.9715793967166371,"3.4 - 3.95",49
10,9.43209040093172,9.43209040093172,9.523662253441803,9.523662253441803,0.943209040093172,0.943209040093172,0.9723721111111111,0.9723721111111111,0.9742749751586799,"9.21 - 9.66",72,,,,,,,,,,,,,,,,,,,,,,,9.952538788938107,9.952538788938107,10.251183668965517,10.251183668965517,0.9952538788938107,0.9952538788938107,1.03278992,1.03278992,1.0720293052535304,"9.67 - 10.24",55,,,,,,,,,,,,,,,,,,,,,,,,,,,,,,,,,,,,,,,,,,,,,,,,,,,,,,,,,,,,,,,,,,,,,,,,,,,,,,,,,,,,,,,,,9.471934125263456,9.657481435107714,9.57935877089399,9.838730582999315,0.9471934125263455,0.9657481435107714,0.9769974891074145,0.9985373039370078,1.0461542510981598,"9.29 - 9.65",127
12,12.406596080923737,12.406596080923737,12.236474844444444,12.236474844444444,1.0338830067436449,1.0338830067436449,1.0615021794871795,1.0615021794871795,2.17218376633133,"11.88 - 12.93",65,,,,,,,,,,,,12.449628534187262,12.449628534187262,11.372516838862103,11.372516838862103,1.0374690445156052,1.0374690445156052,1.0649688333333334,1.0649688333333334,2.3551000522190373,"11.88 - 13.02",66,12.756345830851426,12.756345830851426,12.96795289375285,12.96795289375285,1.063028819237619,1.063028819237619,1.0996906666666666,1.0996906666666666,0.950990184490517,"12.49 - 13.02",50,,,,,,,,,,,,,,,,,,,,,,,,,,,,,,,,,,,,,,,,,,,,,,,,,,,,,,,,,,,,,,,,,,,,,,,,,,,,,,,,,,,,,,,,,12.465452779899284,12.518903425740186,12.047801541857762,12.123506193046577,1.0387877316582736,1.0432419521450156,1.0675259980752199,1.0733155690607734,1.9871377791036409,"12.18 - 12.75",181
15,,,,,,,,,,,,,,,,,,,,,,,,,,,,,,,,,,15.910183190916154,15.910183190916152,16.103864540925265,16.103864540925265,1.0606788793944102,1.0606788793944102,1.0855205214814816,1.0855205214814814,0.824331970938817,"15.67 - 16.15",45,,,,,,,,,,,,,,,,,,,,,,,,,,,,,,,,,,,,,,,,,,,,,,,,,,,,,,,,,,,,,,,,,,,,,,,,,,,,,,,,,,,,,,,,,15.910183190916154,15.910183190916152,16.103864540925265,16.103864540925265,1.0606788793944102,1.0606788793944102,1.0855205214814816,1.0855205214814814,0.824331970938817,"15.67 - 16.15",45
18,,,,,,,,,,,,,,,,,,,,,,,18.60565325544499,18.605653255444988,18.063360395238092,18.063360395238092,1.0336474030802771,1.0336474030802771,1.0559097272727274,1.0559097272727271,2.9488706350379132,"17.73 - 19.48",44,,,,,,,,,,,,,,,,,,,,,,,,,,,,,,,,,,,,,,,,,,,,,,,,,,,,,,,,,,,,,,,,,,,,,,,,,,,,,,,,,,,,,,,,,,,,,,,,,,,,18.60565325544499,18.605653255444988,18.063360395238092,18.063360395238092,1.0336474030802771,1.0336474030802771,1.0559097272727274,1.0559097272727271,2.9488706350379132,"17.73 - 19.48",44
20,19.642545194046633,19.642545194046633,19.65225562162162,19.65225562162162,0.9821272597023317,0.9821272597023317,0.9975265298245614,0.9975265298245614,2.119325845078338,"19.09 - 20.19",57,,,,,,,,,,,,,,,,,,,,,,,,,,,,,,,,,,,,,,,,,,,,,,,,,,,,,,,,,,,,,,,,,,,,,,,,,,,,,,,,,,,,,,,,,,,,,,,,,,,,,,,,,,,,,,,,,,,,,,,,,,19.642545194046633,19.642545194046633,19.65225562162162,19.65225562162162,0.9821272597023317,0.9821272597023317,0.9975265298245614,0.9975265298245614,2.119325845078338,"19.09 - 20.19",57
25,23.649680583904072,23.64968058390407,23.886576985507247,23.886576985507244,0.9459872233561628,0.9459872233561627,0.9644104882758621,0.9644104882758621,1.6104209344223224,"23.31 - 23.99",87,,,,,,,,,,,,,,,,,,,,,,,24.962647985684093,24.962647985684093,25.399297121315193,25.399297121315193,0.9985059194273638,0.9985059194273638,1.0152012199999998,1.01520122,2.5776847604911666,"24.29 - 25.64",56,,,,,,,,,,,,29.029604791097007,29.029604791097007,29.2907288,29.2907288,1.1611841916438803,1.1611841916438803,1.186909002105263,1.186909002105263,1.3024838810211175,"28.69 - 29.37",57,,,,,,,,,,,,,,,,,,,,,,,,,,,,,,,,,,,,,,,,,,,,,,,,,,,,,,,,,,,,,,,,,,,28.44796751669083,25.55058985545246,28.719146691823862,25.85032189066391,1.1379187006676332,1.0220235942180984,1.1626246230722925,1.0420439696,2.9289020551372333,"28.04 - 28.85",200
40,40.291835606548176,40.29183560654817,40.1748961539075,40.17489615390749,1.0072958901637044,1.0072958901637044,1.0264610857142857,1.0264610857142857,4.14902747731442,"39.21 - 41.38",56,,,,,,,,,,,,,,,,,,,,,,,,,,,,,,,,,,,,,,,,,,,,,,,,,,,,,,,,,,,,,,,,,,,,,,,,,,,,,,,,,,,,,,,,,,,,,,,,,,,,,,,,,,,,,,,,,,,,,,,,,,40.291835606548176,40.29183560654817,40.1748961539075,40.17489615390749,1.0072958901637044,1.0072958901637044,1.0264610857142857,1.0264610857142857,4.14902747731442,"39.21 - 41.38",56
50,,,,,,,,,,,,43.2596215439114,43.2596215439114,43.92868090140845,43.92868090140845,0.865192430878228,0.865192430878228,0.8806208680851063,0.8806208680851063,7.156040235307723,"41.21 - 45.31",47,,,,,,,,,,,,,,,,,,,,,,,,,,,,,,,,,,,,,,,,,,,,,57.47124347255091,57.47124347255091,58.88549917527651,58.88549917527651,1.1494248694510183,1.1494248694510183,1.158599831724138,1.158599831724138,4.918273179581708,"56.21 - 58.74",58,,,,,,,,,,,,,,,,,,,,,,,,,,,,,,,,,,,,,,,,,,,,,56.52012037350962,56.52012037350963,56.77915137007874,56.77915137007873,1.1304024074701926,1.1304024074701926,1.1352211220512818,1.135221122051282,1.4760371688545435,"56.06 - 56.98",39,56.95917108960027,52.57513214262961,58.07734799680945,53.43329068031462,1.1391834217920056,1.0515026428525922,1.1474207305757502,1.0615388527777778,8.317612123976597,"55.6 - 58.32",144
60,,,,,,,,,,,,,,,,,,,,,,,,,,,,,,,,,,,,,,,,,,,,,,,,,,,,,,,,,,,,,,,,,,,,,,,,,,,,,,77.53134629958022,77.5313462995802,79.55276752787769,79.55276752787769,1.2921891049930037,1.2921891049930037,1.310797025,1.3107970249999998,5.25504314610918,"75.9 - 79.16",40,,,,,,,,,,,,,,,,,,,,,,,,,,,,,,,,,,,,,,,,,,,,,77.53134629958022,77.5313462995802,79.55276752787769,79.55276752787769,1.2921891049930037,1.2921891049930037,1.310797025,1.3107970249999998,5.25504314610918,"75.9 - 79.16",40
75,,,,,,,,,,,,,,,,,,,,,,,,,,,,,,,,,,,,,,,,,,,,,,,,,,,,,,,,87.90222854400116,87.90222854400116,88.51540897894529,88.51540897894529,1.1720297139200155,1.1720297139200155,1.1871874958730158,1.1871874958730158,2.381677203944896,"87.18 - 88.62",42,,,,,,,,,,,,,,,,,,,,,,,,,,,,,,,,,,,,,,,,,,,,,81.10087191687266,81.10087191687266,81.48392806666666,81.48392806666666,1.0813449588916355,1.0813449588916355,1.0896332719496855,1.0896332719496855,1.4995840384001076,"80.7 - 81.5",53,81.88787817085966,81.88787817085966,81.78572734130401,81.78572734130401,1.0918383756114622,1.0918383756114622,1.097779748,1.097779748,1.4429884336339374,"81.44 - 82.34",40,82.94843581942955,83.4500365724199,83.04484014195725,83.76092191334219,1.1059791442590605,1.112667154298932,1.1139902287348193,1.1223972456296296,3.5125913542340355,"82.36 - 83.54",135
80,77.82270005161449,77.82270005161449,78.49957043298969,78.49957043298969,0.9727837506451811,0.9727837506451812,0.9898689253012047,0.9898689253012047,5.160582892867031,"76.71 - 78.93",83,,,,,,,,,,,,,,,,,,,,,,,,,,,,,,,,,,,,,,,,,,,,,,,,,,,,,,,,,,,,,,,,,,,,,,,,,,,,,,,,,,,,,,,,,,,,,,,,,,,,,,,,,,,,,,,,,,,,,,,,,,77.82270005161449,77.82270005161449,78.49957043298969,78.49957043298969,0.9727837506451811,0.9727837506451812,0.9898689253012047,0.9898689253012047,5.160582892867031,"76.71 - 78.93",83
100,96.46479237665476,96.46479237665477,97.79054806686567,97.79054806686567,0.9646479237665476,0.9646479237665476,0.9815008476190474,0.9815008476190475,5.549156294126174,"94.79 - 98.14",42,,,,,,,,,,,,,,,,,,,,,,,,,,,,,,,,,,114.7565808144607,114.7565808144607,114.27470834285714,114.27470834285715,1.147565808144607,1.147565808144607,1.1577626232727274,1.1577626232727272,4.597994510177599,"113.54 - 115.97",55,115.14302704047441,115.1430270404744,118.23324409098038,118.23324409098038,1.1514302704047439,1.1514302704047439,1.159915580689655,1.159915580689655,7.957366126889306,"113.1 - 117.19",58,,,,,,,,,,,,130.4428394100346,130.4428394100346,132.18838682666666,132.18838682666666,1.3044283941003458,1.304428394100346,1.3203803843902437,1.3203803843902437,3.8639167300711734,"129.26 - 131.63",41,113.34804066096906,113.34804066096905,114.04556785857945,114.04556785857945,1.1334804066096904,1.1334804066096904,1.1451836968421052,1.1451836968421052,2.5072581307940087,"112.55 - 114.15",38,,,,,,,,,,,,98.89454344477514,98.89454344477514,99.09235586885245,99.09235586885245,0.9889454344477513,0.9889454344477514,0.9947032653658536,0.9947032653658536,1.1960286225424908,"98.53 - 99.26",41,99.206331820587,99.206331820587,99.58584016998543,99.58584016998543,0.9920633182058699,0.99206331820587,0.9965762933333332,0.9965762933333333,1.057580384532202,"98.97 - 99.44",78,113.40860754482627,109.03563999187581,114.01906270315884,110.0107016921913,1.1340860754482627,1.0903563999187582,1.1434730229294514,1.100123072407932,11.778653730815345,"112.18 - 114.64",353
150,,,,,,,,,,,,,,,,,,,,,,,,,,,,,,,,,,,,,,,,,,,,,,,,,,,,,,,,,,,,,,,,,,,169.20044735510638,169.20044735510638,173.58832355555555,173.58832355555555,1.1280029823673758,1.1280029823673758,1.139531464397163,1.139531464397163,11.154948680869314,"166.01 - 172.39",47,,,,,,,,,,,,,,,,,,,,,,,,,,,,,,,,,,,,,,,,,,,,,,,,,,,,,,,,169.20044735510638,169.20044735510638,173.58832355555555,173.58832355555555,1.1280029823673758,1.1280029823673758,1.139531464397163,1.139531464397163,11.154948680869314,"166.01 - 172.39",47
175,,,,,,,,,,,,,,,,,,,,,,,,,,,,,,,,,,,,,,,,,,,,,,,,,,,,,,,,203.07160317429805,203.07160317429805,206.37018915151515,206.37018915151515,1.1604091609959888,1.1604091609959888,1.1747315997069598,1.1747315997069596,10.263864520013762,"199.85 - 206.29",39,,,,,,,,,,,,,,,,,,,,,,,,,,,,,,,,,,,,,,,,,,,,,,,,,,,,,,,,,,,,,,,,,,,203.07160317429805,203.07160317429805,206.37018915151515,206.37018915151515,1.1604091609959888,1.1604091609959888,1.1747315997069598,1.1747315997069596,10.263864520013762,"199.85 - 206.29",39
200,,,,,,,,,,,,,,,,,,,,,,,,,,,,,,,,,,,,,,,,,,,,,226.45909701656294,226.45909701656296,232.0751671241071,232.0751671241071,1.1322954850828146,1.1322954850828149,1.1412208833333333,1.1412208833333333,14.94874036939046,"223.26 - 229.66",84,233.94991655454265,233.94991655454265,236.59659842245614,236.59659842245614,1.1697495827727131,1.1697495827727133,1.1763771969696968,1.176377196969697,6.38256504288553,"232.41 - 235.49",66,,,,,,,,,,,,250.04333336717767,250.04333336717767,260.5655567581699,260.5655567581699,1.2502166668358883,1.2502166668358883,1.2681639160784313,1.2681639160784313,20.96415626186895,"244.29 - 255.8",51,215.55624584677147,215.5562458467715,224.076549555425,224.076549555425,1.0777812292338576,1.0777812292338576,1.0899130551724139,1.0899130551724137,20.013478934065553,"210.41 - 220.71",58,,,,,,,,,,,,,,,,,,,,,,,,,,,,,,,,,,229.25377560966703,230.57038958621587,233.84870935740582,237.0462270393375,1.1462688780483352,1.1528519479310795,1.154519201337783,1.1636863556756756,19.745301945309144,"226.85 - 231.66",259
250,,,,,,,,,,,,,,,,,,,,,,,,,,,,,,,,,,,,,,,,,,,,,,,,,,,,,,,,,,,,,,,,,,,,,,,,,,,,,,,,,,,,,,,,,,,,,,,,,,,,269.10391789185576,269.1039178918557,271.7053450693512,271.7053450693512,1.076415671567423,1.076415671567423,1.080865616,1.0808656159999999,13.068240695742409,"265.15 - 273.06",42,,,,,,,,,,,,,,,,,,,,,,,269.10391789185576,269.1039178918557,271.7053450693512,271.7053450693512,1.076415671567423,1.076415671567423,1.080865616,1.0808656159999999,13.068240695742409,"265.15 - 273.06",42
300,,,,,,,,,,,,,,,,,,,,,,,,,,,,,,,,,,,,,,,,,,,,,,,,,,,,,,,,345.62274560324374,345.62274560324374,354.86414382109297,354.864143821093,1.152075818677479,1.152075818677479,1.1669159206666666,1.1669159206666666,22.77731506545818,"339.86 - 351.39",60,324.6893537258793,324.68935372587936,331.29093549606296,331.29093549606296,1.082297845752931,1.082297845752931,1.101453193162393,1.101453193162393,26.91401719462023,"316.24 - 333.14",39,,,,,,,,,,,,323.13031372921455,323.13031372921455,333.7158249444444,333.7158249444444,1.0771010457640484,1.0771010457640484,1.0873222793162391,1.0873222793162394,23.6075463036564,"315.72 - 330.54",39,,,,,,,,,,,,,,,,,,,,,,,,,,,,,,,,,,336.70294215438446,333.3502301952412,345.5749273463635,342.2254513510534,1.122343140514615,1.1111674339841373,1.1373495151875261,1.125921729468599,26.381416234994475,"332.3 - 341.1",138
400,,,,,,,,,,,,,,,,,,,,,,,,,,,,,,,,,,,,,,,,,,,,,450.00660275955374,450.00660275955374,466.95309577981646,466.9530957798165,1.1250165068988844,1.1250165068988844,1.1376173346153846,1.1376173346153846,56.241035606043376,"438.45 - 461.56",91,,,,,,,,,,,,,,,,,,,,,,,,,,,,,,,,,,,,,,,,,,,,,,,,,,,,,,,,,,,,,,,,,,,,,,,,,,,,,,450.00660275955374,450.00660275955374,466.95309577981646,466.9530957798165,1.1250165068988844,1.1250165068988844,1.1376173346153846,1.1376173346153846,56.241035606043376,"438.45 - 461.56",91
500,,,,,,,,,,,,,,,,,,,,,,,,,,,,,,,,,,,,,,,,,,,,,,,,,,,,,,,,,,,,,,,,,,,,,,,,,,,,,,543.1863052063537,543.1863052063537,564.5170504951768,564.5170504951768,1.0863726104127074,1.0863726104127074,1.101808712372093,1.101808712372093,51.45467568930511,"527.81 - 558.57",43,,,,,,,,,,,,426.08438137214137,426.08438137214137,375.17344575,375.17344575,0.8521687627442827,0.8521687627442828,0.8480146953191487,0.8480146953191489,94.316743659505,"410.52 - 441.65",141,494.30597846379845,494.30597846379845,502.31563094444437,502.3156309444445,0.988611956927597,0.9886119569275968,0.988415788173913,0.988415788173913,39.696981017639956,"484.94 - 503.67",69,,,,,,,,,,,,480.3340418849722,464.592970005325,472.11421000938907,442.02951603640025,0.9606680837699444,0.92918594001065,0.9615046911919907,0.9294408539762845,89.07287787873754,"469.36 - 491.31",253
Total,,,,,,,,,,,,,,,,,,,,,,,,,,,,,,,,,,,,,,,,,,,,,,,,,,,,,,,,,,,,,,,,,,,,,,,,,,,,,,,,,,,,,,,,,,,,,,,,,,,,,,,,,,,,,,,,,,,,,,,,,,,,,,,,,,,,,,,,,,,,,,,
"Download Sustained Trimmed Mean",,,,,,,,,,,,,,,,,,,,,,,,,,,,,,,,,,,,,,,,,,,,,,,,,,,,,,,,,,,,,,,,,,,,,,,,,,,,,,,,,,,,,,,,,,,,,,,,,,,,,,,,,,,,,,,,,,,,,,,,,,,,,,,,,,,,,,,,,,,,,,,
Weekend,,,,,,,,,,,,,,,,,,,,,,,,,,,,,,,,,,,,,,,,,,,,,,,,,,,,,,,,,,,,,,,,,,,,,,,,,,,,,,,,,,,,,,,,,,,,,,,,,,,,,,,,,,,,,,,,,,,,,,,,,,,,,,,,,,,,,,,,,,,,,,,
,CenturyLink,,,,,,,,,,,"Cincinnati Bell DSL",,,,,,,,,,,"Frontier DSL",,,,,,,,,,,Windstream,,,,,,,,,,,Charter,,,,,,,,,,,Comcast,,,,,,,,,,,Cox,,,,,,,,,,,Mediacom,,,,,,,,,,,Optimum,,,,,,,,,,,"Cincinnati Bell Fiber",,,,,,,,,,,"Frontier Fiber",,,,,,,,,,,Verizon,,,,,,,,,,,Total,,,,,,,,,,
"Tier (Mbps)","Weighted Mean","Unweighted Mean","Weighted mean of medians","Unweighted mean of medians","Weighted Mean % advertised","Unweighted Mean % advertised","Weighted Mean of Medians % Advertised","Unweighted Mean of Medians % Advertised","Standard Deviation","95% C.I","Unweighted Valid N","Weighted Mean","Unweighted Mean","Weighted mean of medians","Unweighted mean of medians","Weighted Mean % advertised","Unweighted Mean % advertised","Weighted Mean of Medians % Advertised","Unweighted Mean of Medians % Advertised","Standard Deviation","95% C.I","Unweighted Valid N","Weighted Mean","Unweighted Mean","Weighted mean of medians","Unweighted mean of medians","Weighted Mean % advertised","Unweighted Mean % advertised","Weighted Mean of Medians % Advertised","Unweighted Mean of Medians % Advertised","Standard Deviation","95% C.I","Unweighted Valid N","Weighted Mean","Unweighted Mean","Weighted mean of medians","Unweighted mean of medians","Weighted Mean % advertised","Unweighted Mean % advertised","Weighted Mean of Medians % Advertised","Unweighted Mean of Medians % Advertised","Standard Deviation","95% C.I","Unweighted Valid N","Weighted Mean","Unweighted Mean","Weighted mean of medians","Unweighted mean of medians","Weighted Mean % advertised","Unweighted Mean % advertised","Weighted Mean of Medians % Advertised","Unweighted Mean of Medians % Advertised","Standard Deviation","95% C.I","Unweighted Valid N","Weighted Mean","Unweighted Mean","Weighted mean of medians","Unweighted mean of medians","Weighted Mean % advertised","Unweighted Mean % advertised","Weighted Mean of Medians % Advertised","Unweighted Mean of Medians % Advertised","Standard Deviation","95% C.I","Unweighted Valid N","Weighted Mean","Unweighted Mean","Weighted mean of medians","Unweighted mean of medians","Weighted Mean % advertised","Unweighted Mean % advertised","Weighted Mean of Medians % Advertised","Unweighted Mean of Medians % Advertised","Standard Deviation","95% C.I","Unweighted Valid N","Weighted Mean","Unweighted Mean","Weighted mean of medians","Unweighted mean of medians","Weighted Mean % advertised","Unweighted Mean % advertised","Weighted Mean of Medians % Advertised","Unweighted Mean of Medians % Advertised","Standard Deviation","95% C.I","Unweighted Valid N","Weighted Mean","Unweighted Mean","Weighted mean of medians","Unweighted mean of medians","Weighted Mean % advertised","Unweighted Mean % advertised","Weighted Mean of Medians % Advertised","Unweighted Mean of Medians % Advertised","Standard Deviation","95% C.I","Unweighted Valid N","Weighted Mean","Unweighted Mean","Weighted mean of medians","Unweighted mean of medians","Weighted Mean % advertised","Unweighted Mean % advertised","Weighted Mean of Medians % Advertised","Unweighted Mean of Medians % Advertised","Standard Deviation","95% C.I","Unweighted Valid N","Weighted Mean","Unweighted Mean","Weighted mean of medians","Unweighted mean of medians","Weighted Mean % advertised","Unweighted Mean % advertised","Weighted Mean of Medians % Advertised","Unweighted Mean of Medians % Advertised","Standard Deviation","95% C.I","Unweighted Valid N","Weighted Mean","Unweighted Mean","Weighted mean of medians","Unweighted mean of medians","Weighted Mean % advertised","Unweighted Mean % advertised","Weighted Mean of Medians % Advertised","Unweighted Mean of Medians % Advertised","Standard Deviation","95% C.I","Unweighted Valid N","Weighted Mean","Unweighted Mean","Weighted mean of medians","Unweighted mean of medians","Weighted Mean % advertised","Unweighted Mean % advertised","Weighted Mean of Medians % Advertised","Unweighted Mean of Medians % Advertised","Standard Deviation","95% C.I","Unweighted Valid N"
1.5,1.2596749620659893,1.2596749620659893,1.2384215272727273,1.2384215272727273,0.8397833080439929,0.8397833080439928,0.8661972512820513,0.8661972512820513,0.1593286495687809,"1.22 - 1.3",65,,,,,,,,,,,,,,,,,,,,,,,,,,,,,,,,,,,,,,,,,,,,,,,,,,,,,,,,,,,,,,,,,,,,,,,,,,,,,,,,,,,,,,,,,,,,,,,,,,,,,,,,,,,,,,,,,,,,,,,,,,1.2596749620659893,1.2596749620659893,1.2384215272727273,1.2384215272727273,0.8397833080439929,0.8397833080439928,0.8661972512820513,0.8661972512820513,0.1593286495687809,"1.22 - 1.3",65
3,2.934871007529401,2.9348710075294013,2.7732918333333334,2.7732918333333334,0.9782903358431337,0.9782903358431337,0.9892339999999998,0.989234,0.8254905153845862,"2.71 - 3.16",50,,,,,,,,,,,,,,,,,,,,,,,,,,,,,,,,,,,,,,,,,,,,,,,,,,,,,,,,,,,,,,,,,,,,,,,,,,,,,,,,,,,,,,,,,,,,,,,,,,,,,,,,,,,,,,,,,,,,,,,,,,2.934871007529401,2.9348710075294013,2.7732918333333334,2.7732918333333334,0.9782903358431337,0.9782903358431337,0.9892339999999998,0.989234,0.8254905153845862,"2.71 - 3.16",50
5,,,,,,,,,,,,3.67097967448038,3.67097967448038,4.130727555555556,4.130727555555556,0.7341959348960759,0.734195934896076,0.7439564571428571,0.7439564571428571,0.9688901865929525,"3.4 - 3.94",49,,,,,,,,,,,,,,,,,,,,,,,,,,,,,,,,,,,,,,,,,,,,,,,,,,,,,,,,,,,,,,,,,,,,,,,,,,,,,,,,,,,,,,,,,,,,,,,,,,,,,,,,,,,,,,,3.67097967448038,3.67097967448038,4.130727555555556,4.130727555555556,0.7341959348960759,0.734195934896076,0.7439564571428571,0.7439564571428571,0.9688901865929525,"3.4 - 3.94",49
10,9.30990590728911,9.30990590728911,9.540722866285714,9.540722866285714,0.930990590728911,0.930990590728911,0.9624388944444444,0.9624388944444444,1.073018041736538,"9.06 - 9.56",72,,,,,,,,,,,,,,,,,,,,,,,9.912961900572883,9.912961900572883,10.44795311627907,10.44795311627907,0.9912961900572883,0.9912961900572883,1.0217955854545455,1.0217955854545455,1.1557163101140207,"9.61 - 10.22",55,,,,,,,,,,,,,,,,,,,,,,,,,,,,,,,,,,,,,,,,,,,,,,,,,,,,,,,,,,,,,,,,,,,,,,,,,,,,,,,,,,,,,,,,,9.35607378350262,9.571071888632476,9.610177269102891,9.933617856440318,0.935607378350262,0.9571071888632476,0.966983036934557,0.988144548031496,1.1450849879816627,"9.16 - 9.56",127
12,12.340880108060926,12.340880108060926,12.199082491803278,12.199082491803278,1.0284066756717438,1.0284066756717438,1.0602545897435898,1.0602545897435898,2.128931123611412,"11.82 - 12.86",65,,,,,,,,,,,,12.35189322079056,12.35189322079056,11.351859289007091,11.351859289007091,1.02932443506588,1.02932443506588,1.0577840707070707,1.0577840707070707,2.372355388679232,"11.78 - 12.92",66,12.65407987580187,12.65407987580187,12.878964080851063,12.878964080851063,1.0545066563168224,1.0545066563168224,1.09367006,1.09367006,1.0154299854230457,"12.37 - 12.94",50,,,,,,,,,,,,,,,,,,,,,,,,,,,,,,,,,,,,,,,,,,,,,,,,,,,,,,,,,,,,,,,,,,,,,,,,,,,,,,,,,,,,,,,,,12.38459137291,12.431415212078623,12.009270339348692,12.077962867868699,1.0320492810758333,1.0359512676732185,1.0637267598875675,1.0685845303867403,1.985849579587111,"12.1 - 12.67",181
15,,,,,,,,,,,,,,,,,,,,,,,,,,,,,,,,,,15.86075475360827,15.860754753608267,16.097831404958676,16.097831404958676,1.0573836502405511,1.0573836502405511,1.087223282962963,1.087223282962963,0.8330070360453867,"15.62 - 16.1",45,,,,,,,,,,,,,,,,,,,,,,,,,,,,,,,,,,,,,,,,,,,,,,,,,,,,,,,,,,,,,,,,,,,,,,,,,,,,,,,,,,,,,,,,,15.86075475360827,15.860754753608267,16.097831404958676,16.097831404958676,1.0573836502405511,1.0573836502405511,1.087223282962963,1.087223282962963,0.8330070360453867,"15.62 - 16.1",45
18,,,,,,,,,,,,,,,,,,,,,,,18.44878563050953,18.44878563050953,18.32648895873016,18.32648895873016,1.0249325350283072,1.0249325350283072,1.0532,1.0532,2.9108613911541945,"17.59 - 19.31",44,,,,,,,,,,,,,,,,,,,,,,,,,,,,,,,,,,,,,,,,,,,,,,,,,,,,,,,,,,,,,,,,,,,,,,,,,,,,,,,,,,,,,,,,,,,,,,,,,,,,18.44878563050953,18.44878563050953,18.32648895873016,18.32648895873016,1.0249325350283072,1.0249325350283072,1.0532,1.0532,2.9108613911541945,"17.59 - 19.31",44
20,19.496111808190946,19.496111808190946,19.63685174468085,19.63685174468085,0.9748055904095474,0.9748055904095474,0.9953393228070176,0.9953393228070175,2.138114656318226,"18.94 - 20.05",57,,,,,,,,,,,,,,,,,,,,,,,,,,,,,,,,,,,,,,,,,,,,,,,,,,,,,,,,,,,,,,,,,,,,,,,,,,,,,,,,,,,,,,,,,,,,,,,,,,,,,,,,,,,,,,,,,,,,,,,,,,19.496111808190946,19.496111808190946,19.63685174468085,19.63685174468085,0.9748055904095474,0.9748055904095474,0.9953393228070176,0.9953393228070175,2.138114656318226,"18.94 - 20.05",57
25,23.42020260898287,23.42020260898287,23.628759867768593,23.628759867768597,0.9368081043593147,0.9368081043593147,0.9628899825287356,0.9628899825287356,1.75302151321567,"23.05 - 23.79",87,,,,,,,,,,,,,,,,,,,,,,,24.829581111395257,24.82958111139526,25.23097700289855,25.23097700289855,0.9931832444558103,0.9931832444558104,1.015067454285714,1.0150674542857143,2.5111450323183355,"24.17 - 25.49",56,,,,,,,,,,,,28.89799911350593,28.89799911350593,29.353776333333332,29.353776333333332,1.1559199645402372,1.1559199645402372,1.1817994835087717,1.181799483508772,1.7182712340524249,"28.45 - 29.34",57,,,,,,,,,,,,,,,,,,,,,,,,,,,,,,,,,,,,,,,,,,,,,,,,,,,,,,,,,,,,,,,,,,,28.310522783187583,25.37600059344741,28.748236415748718,25.709010358290936,1.1324209113275032,1.0150400237378965,1.1580510671353574,1.0398888823999999,3.0349781208641473,"27.89 - 28.73",200
40,40.090341779723005,40.090341779723005,40.25369761363636,40.25369761363636,1.0022585444930752,1.0022585444930752,1.0223858982142857,1.0223858982142857,4.108128822946845,"39.01 - 41.17",56,,,,,,,,,,,,,,,,,,,,,,,,,,,,,,,,,,,,,,,,,,,,,,,,,,,,,,,,,,,,,,,,,,,,,,,,,,,,,,,,,,,,,,,,,,,,,,,,,,,,,,,,,,,,,,,,,,,,,,,,,,40.090341779723005,40.090341779723005,40.25369761363636,40.25369761363636,1.0022585444930752,1.0022585444930752,1.0223858982142857,1.0223858982142857,4.108128822946845,"39.01 - 41.17",56
50,,,,,,,,,,,,43.14834484918667,43.14834484918667,44.32376373333333,44.32376373333332,0.8629668969837334,0.8629668969837334,0.8781204612765957,0.8781204612765957,7.275789339057739,"41.07 - 45.23",47,,,,,,,,,,,,,,,,,,,,,,,,,,,,,,,,,,,,,,,,,,,,,57.44478241042722,57.44478241042722,59.05428598181818,59.05428598181818,1.1488956482085446,1.1488956482085444,1.1600675944827585,1.1600675944827585,4.927348195435694,"56.18 - 58.71",58,,,,,,,,,,,,,,,,,,,,,,,,,,,,,,,,,,,,,,,,,,,,,56.47760343385134,56.47760343385135,56.83679866666667,56.83679866666666,1.1295520686770268,1.129552068677027,1.1346631035897434,1.1346631035897436,1.5420006939827777,"55.99 - 56.96",39,56.92712583796206,52.516639733588576,58.2235298667425,53.645837711195284,1.1385425167592413,1.0503327946717715,1.1483167826635912,1.0611628,8.3853045252245,"55.56 - 58.3",144
60,,,,,,,,,,,,,,,,,,,,,,,,,,,,,,,,,,,,,,,,,,,,,,,,,,,,,,,,,,,,,,,,,,,,,,,,,,,,,,77.32099605761542,77.32099605761542,79.44555016666666,79.44555016666666,1.2886832676269238,1.2886832676269238,1.3203099200000001,1.32030992,5.3497643225579266,"75.66 - 78.98",40,,,,,,,,,,,,,,,,,,,,,,,,,,,,,,,,,,,,,,,,,,,,,77.32099605761542,77.32099605761542,79.44555016666666,79.44555016666666,1.2886832676269238,1.2886832676269238,1.3203099200000001,1.32030992,5.3497643225579266,"75.66 - 78.98",40
75,,,,,,,,,,,,,,,,,,,,,,,,,,,,,,,,,,,,,,,,,,,,,,,,,,,,,,,,87.9043340174272,87.90433401742719,88.50516577391303,88.50516577391303,1.1720577868990292,1.1720577868990292,1.1874002603174603,1.1874002603174603,1.77619893853406,"87.37 - 88.44",42,,,,,,,,,,,,,,,,,,,,,,,,,,,,,,,,,,,,,,,,,,,,,80.90578152944461,80.90578152944461,81.55196,81.55195999999998,1.0787437537259281,1.0787437537259281,1.0891548588679245,1.0891548588679245,1.6505561243994955,"80.46 - 81.35",53,81.82449422414267,81.82449422414267,81.8207934508009,81.8207934508009,1.0909932563219022,1.0909932563219022,1.0975297253333332,1.0975297253333334,1.477527206965703,"81.37 - 82.28",40,82.88119447210636,83.35532013894972,83.07529909198767,83.79483392989914,1.105082592961418,1.1114042685193297,1.1138008154076295,1.1222015367901235,3.4952355293339283,"82.29 - 83.47",135
80,77.1743849736733,77.1743849736733,77.8736606060606,77.8736606060606,0.9646798121709161,0.9646798121709161,0.9870085463855421,0.9870085463855421,5.608845504431099,"75.97 - 78.38",83,,,,,,,,,,,,,,,,,,,,,,,,,,,,,,,,,,,,,,,,,,,,,,,,,,,,,,,,,,,,,,,,,,,,,,,,,,,,,,,,,,,,,,,,,,,,,,,,,,,,,,,,,,,,,,,,,,,,,,,,,,77.1743849736733,77.1743849736733,77.8736606060606,77.8736606060606,0.9646798121709161,0.9646798121709161,0.9870085463855421,0.9870085463855421,5.608845504431099,"75.97 - 78.38",83
100,96.18232651245368,96.18232651245368,97.76645248536853,97.76645248536855,0.9618232651245369,0.9618232651245369,0.9777969495238095,0.9777969495238095,5.45458849097512,"94.53 - 97.83",42,,,,,,,,,,,,,,,,,,,,,,,,,,,,,,,,,,114.54001995665314,114.54001995665314,114.27499863414634,114.27499863414634,1.1454001995665313,1.1454001995665313,1.1573553658181817,1.1573553658181819,4.703159268520775,"113.3 - 115.78",55,115.00919692820094,115.00919692820092,118.2890714009662,118.28907140096618,1.1500919692820093,1.1500919692820093,1.1588130089655173,1.158813008965517,7.996251365537143,"112.95 - 117.07",58,,,,,,,,,,,,129.95858161295038,129.95858161295038,131.4040500425532,131.4040500425532,1.2995858161295037,1.2995858161295037,1.3212585502439023,1.3212585502439025,4.1267038659604,"128.7 - 131.22",41,113.25975833355501,113.25975833355501,114.28483298086125,114.28483298086124,1.1325975833355502,1.1325975833355502,1.145350774736842,1.145350774736842,2.558512590799961,"112.45 - 114.07",38,,,,,,,,,,,,98.69049917833509,98.69049917833509,99.02136136585365,99.02136136585365,0.9869049917833508,0.9869049917833509,0.9928377814634145,0.9928377814634146,1.4245723904066656,"98.25 - 99.13",41,99.04990667179193,99.04990667179193,99.44624905434782,99.44624905434782,0.9904990667179193,0.9904990667179194,0.996227065128205,0.996227065128205,1.1420513130746837,"98.8 - 99.3",78,113.2153132653814,108.8222891855303,114.00441199739305,109.9126204469578,1.1321531326538141,1.088222891855303,1.1429195758431625,1.0992639139943343,11.752035006956932,"111.99 - 114.44",353
150,,,,,,,,,,,,,,,,,,,,,,,,,,,,,,,,,,,,,,,,,,,,,,,,,,,,,,,,,,,,,,,,,,,169.09516963854097,169.09516963854097,173.54291144186047,173.54291144186047,1.1273011309236063,1.1273011309236063,1.1339390643971632,1.133939064397163,11.10020309260721,"165.92 - 172.27",47,,,,,,,,,,,,,,,,,,,,,,,,,,,,,,,,,,,,,,,,,,,,,,,,,,,,,,,,169.09516963854097,169.09516963854097,173.54291144186047,173.54291144186047,1.1273011309236063,1.1273011309236063,1.1339390643971632,1.133939064397163,11.10020309260721,"165.92 - 172.27",47
175,,,,,,,,,,,,,,,,,,,,,,,,,,,,,,,,,,,,,,,,,,,,,,,,,,,,,,,,202.31906079228096,202.31906079228094,206.05175035897435,206.05175035897435,1.156108918813034,1.156108918813034,1.1709680357509158,1.1709680357509158,10.49343619901604,"199.03 - 205.61",39,,,,,,,,,,,,,,,,,,,,,,,,,,,,,,,,,,,,,,,,,,,,,,,,,,,,,,,,,,,,,,,,,,,202.31906079228096,202.31906079228094,206.05175035897435,206.05175035897435,1.156108918813034,1.156108918813034,1.1709680357509158,1.1709680357509158,10.49343619901604,"199.03 - 205.61",39
200,,,,,,,,,,,,,,,,,,,,,,,,,,,,,,,,,,,,,,,,,,,,,226.07841674284037,226.07841674284037,231.63651053781513,231.6365105378151,1.1303920837142019,1.1303920837142019,1.1422271328571427,1.1422271328571427,15.097275654589032,"222.85 - 229.31",84,233.09644406631924,233.09644406631924,236.1567716172608,236.1567716172608,1.1654822203315962,1.1654822203315962,1.1744345896969695,1.1744345896969697,6.994579900582869,"231.41 - 234.78",66,,,,,,,,,,,,248.10053314630608,248.1005331463061,257.78291866666666,257.78291866666666,1.2405026657315303,1.2405026657315306,1.2641458305882352,1.2641458305882352,22.308823917586643,"241.98 - 254.22",51,215.03040198325812,215.03040198325814,223.47405584408602,223.47405584408602,1.0751520099162908,1.0751520099162908,1.0882040172413792,1.0882040172413792,20.10580665409404,"209.86 - 220.2",58,,,,,,,,,,,,,,,,,,,,,,,,,,,,,,,,,,228.64888736737504,229.72912285817083,233.37294055134439,236.10902665201803,1.143244436836875,1.148645614290854,1.1540801908977523,1.1623437545945945,19.84787109299483,"226.23 - 231.07",259
250,,,,,,,,,,,,,,,,,,,,,,,,,,,,,,,,,,,,,,,,,,,,,,,,,,,,,,,,,,,,,,,,,,,,,,,,,,,,,,,,,,,,,,,,,,,,,,,,,,,,268.09963730069023,268.09963730069023,271.7623338536585,271.7623338536585,1.072398549202761,1.0723985492027608,1.0804723457560976,1.0804723457560974,13.932503645543097,"263.83 - 272.36",41,,,,,,,,,,,,,,,,,,,,,,,268.09963730069023,268.09963730069023,271.7623338536585,271.7623338536585,1.072398549202761,1.0723985492027608,1.0804723457560976,1.0804723457560974,13.932503645543097,"263.83 - 272.36",41
300,,,,,,,,,,,,,,,,,,,,,,,,,,,,,,,,,,,,,,,,,,,,,,,,,,,,,,,,344.59277935434005,344.59277935434005,355.225155804878,355.225155804878,1.1486425978478,1.1486425978478,1.1625553057777778,1.1625553057777778,24.352291459742244,"338.43 - 350.75",60,325.50602276866385,325.50602276866385,333.2798823529412,333.2798823529412,1.0850200758955462,1.0850200758955462,1.1019469223931622,1.1019469223931624,25.503484614009864,"317.5 - 333.51",39,,,,,,,,,,,,323.50342767753807,323.50342767753807,332.92196,332.92196,1.078344758925127,1.078344758925127,1.0880225723076922,1.0880225723076922,23.434377209328012,"316.15 - 330.86",39,,,,,,,,,,,,,,,,,,,,,,,,,,,,,,,,,,336.35483239799504,333.23866180190055,346.1048455754989,342.72015362360423,1.1211827746599834,1.1107955393396687,1.1350293530525346,1.1243632510144927,26.241002221603853,"331.98 - 340.73",138
400,,,,,,,,,,,,,,,,,,,,,,,,,,,,,,,,,,,,,,,,,,,,,449.19141807167364,449.19141807167364,467.0161907555555,467.0161907555555,1.1229785451791843,1.122978545179184,1.1361549650549452,1.136154965054945,54.28498521066051,"438.04 - 460.35",91,,,,,,,,,,,,,,,,,,,,,,,,,,,,,,,,,,,,,,,,,,,,,,,,,,,,,,,,,,,,,,,,,,,,,,,,,,,,,,449.19141807167364,449.19141807167364,467.0161907555555,467.0161907555555,1.1229785451791843,1.122978545179184,1.1361549650549452,1.136154965054945,54.28498521066051,"438.04 - 460.35",91
500,,,,,,,,,,,,,,,,,,,,,,,,,,,,,,,,,,,,,,,,,,,,,,,,,,,,,,,,,,,,,,,,,,,,,,,,,,,,,,541.4730937665615,541.4730937665615,566.2779451666667,566.2779451666667,1.0829461875331232,1.0829461875331232,1.0973592347906975,1.0973592347906977,54.627613872317596,"525.15 - 557.8",43,,,,,,,,,,,,425.91677813269166,425.9167781326917,377.6394731666667,377.6394731666667,0.8518335562653833,0.8518335562653834,0.8481332072056735,0.8481332072056738,93.7111146328172,"410.45 - 441.38",141,493.9968807090015,493.99688070900146,502.3353312727273,502.3353312727273,0.987993761418003,0.9879937614180029,0.9961307865507246,0.9961307865507246,38.97307216829348,"484.8 - 503.19",69,,,,,,,,,,,,479.8662604303344,464.12408504977384,473.13823907541274,443.7085186422326,0.9597325208606688,0.9282481700995476,0.9651275347327564,0.9308547572490118,88.70179821558256,"468.94 - 490.8",253
Total,,,,,,,,,,,,,,,,,,,,,,,,,,,,,,,,,,,,,,,,,,,,,,,,,,,,,,,,,,,,,,,,,,,,,,,,,,,,,,,,,,,,,,,,,,,,,,,,,,,,,,,,,,,,,,,,,,,,,,,,,,,,,,,,,,,,,,,,,,,,,,,
"Download Sustained Trimmed Mean",,,,,,,,,,,,,,,,,,,,,,,,,,,,,,,,,,,,,,,,,,,,,,,,,,,,,,,,,,,,,,,,,,,,,,,,,,,,,,,,,,,,,,,,,,,,,,,,,,,,,,,,,,,,,,,,,,,,,,,,,,,,,,,,,,,,,,,,,,,,,,,
Peak,,,,,,,,,,,,,,,,,,,,,,,,,,,,,,,,,,,,,,,,,,,,,,,,,,,,,,,,,,,,,,,,,,,,,,,,,,,,,,,,,,,,,,,,,,,,,,,,,,,,,,,,,,,,,,,,,,,,,,,,,,,,,,,,,,,,,,,,,,,,,,,
,Cable,,,,,,,,,,,DSL,,,,,,,,,,,Fiber,,,,,,,,,,,Total,,,,,,,,,,,,,,,,,,,,,,,,,,,,,,,,,,,,,,,,,,,,,,,,,,,,,,,,,,,,,,,,,,,,,,,,,,,,,,,,,,,,,,,,,,,,,,,,,,,,,,,,,,,,,
"Tier (Mbps)","Weighted Mean","Unweighted Mean","Weighted mean of medians","Unweighted mean of medians","Weighted Mean % advertised","Unweighted Mean % advertised","Weighted Mean of Medians % Advertised","Unweighted Mean of Medians % Advertised","Standard Deviation","95% C.I","Unweighted Valid N","Weighted Mean","Unweighted Mean","Weighted mean of medians","Unweighted mean of medians","Weighted Mean % advertised","Unweighted Mean % advertised","Weighted Mean of Medians % Advertised","Unweighted Mean of Medians % Advertised","Standard Deviation","95% C.I","Unweighted Valid N","Weighted Mean","Unweighted Mean","Weighted mean of medians","Unweighted mean of medians","Weighted Mean % advertised","Unweighted Mean % advertised","Weighted Mean of Medians % Advertised","Unweighted Mean of Medians % Advertised","Standard Deviation","95% C.I","Unweighted Valid N","Weighted Mean","Unweighted Mean","Weighted mean of medians","Unweighted mean of medians","Weighted Mean % advertised","Unweighted Mean % advertised","Weighted Mean of Medians % Advertised","Unweighted Mean of Medians % Advertised","Standard Deviation","95% C.I","Unweighted Valid N",,,,,,,,,,,,,,,,,,,,,,,,,,,,,,,,,,,,,,,,,,,,,,,,,,,,,,,,,,,,,,,,,,,,,,,,,,,,,,,,,,,,,,,,,,,,,,,,,,,
1.5,,,,,,,,,,,,1.2060026629923444,1.2060026629923444,1.1991006451612902,1.1991006451612902,0.8040017753282296,0.8040017753282296,0.8283833846153846,0.8283833846153846,0.20815179515841442,"1.16 - 1.26",65,,,,,,,,,,,,1.2060026629923444,1.2060026629923444,1.1991006451612902,1.1991006451612902,0.8040017753282296,0.8040017753282296,0.8283833846153846,0.8283833846153846,0.20815179515841442,"1.16 - 1.26",65,,,,,,,,,,,,,,,,,,,,,,,,,,,,,,,,,,,,,,,,,,,,,,,,,,,,,,,,,,,,,,,,,,,,,,,,,,,,,,,,,,,,,,,,,,,,,,,,,,,
3,,,,,,,,,,,,2.8308073030416794,2.8308073030416794,2.7258055999999997,2.7258055999999997,0.9436024343472262,0.9436024343472263,0.9669765066666667,0.9669765066666667,0.7842891984392539,"2.61 - 3.05",50,,,,,,,,,,,,2.8308073030416794,2.8308073030416794,2.7258055999999997,2.7258055999999997,0.9436024343472262,0.9436024343472263,0.9669765066666667,0.9669765066666667,0.7842891984392539,"2.61 - 3.05",50,,,,,,,,,,,,,,,,,,,,,,,,,,,,,,,,,,,,,,,,,,,,,,,,,,,,,,,,,,,,,,,,,,,,,,,,,,,,,,,,,,,,,,,,,,,,,,,,,,,
5,,,,,,,,,,,,3.5639886006986523,3.5639886006986523,3.9455514285714277,3.945551428571428,0.7127977201397304,0.7127977201397305,0.7270321142857142,0.7270321142857142,1.0606592100555914,"3.27 - 3.86",49,,,,,,,,,,,,3.5639886006986523,3.5639886006986523,3.9455514285714277,3.945551428571428,0.7127977201397304,0.7127977201397305,0.7270321142857142,0.7270321142857142,1.0606592100555914,"3.27 - 3.86",49,,,,,,,,,,,,,,,,,,,,,,,,,,,,,,,,,,,,,,,,,,,,,,,,,,,,,,,,,,,,,,,,,,,,,,,,,,,,,,,,,,,,,,,,,,,,,,,,,,,
10,,,,,,,,,,,,9.121948800970456,9.306405142080607,9.254459198799005,9.429541081128747,0.9121948800970457,0.9306405142080606,0.9388995996942087,0.9575696349206348,1.2385421234615648,"8.91 - 9.34",126,,,,,,,,,,,,9.121948800970456,9.306405142080607,9.254459198799005,9.429541081128747,0.9121948800970457,0.9306405142080606,0.9388995996942087,0.9575696349206348,1.2385421234615648,"8.91 - 9.34",126,,,,,,,,,,,,,,,,,,,,,,,,,,,,,,,,,,,,,,,,,,,,,,,,,,,,,,,,,,,,,,,,,,,,,,,,,,,,,,,,,,,,,,,,,,,,,,,,,,,
12,,,,,,,,,,,,12.08979869730171,12.141718652750962,11.75703068819001,11.839016387264609,1.0074832247751424,1.0118098877292467,1.0431034587373462,1.0486936758747698,2.170523560643656,"11.77 - 12.41",181,,,,,,,,,,,,12.08979869730171,12.141718652750962,11.75703068819001,11.839016387264609,1.0074832247751424,1.0118098877292467,1.0431034587373462,1.0486936758747698,2.170523560643656,"11.77 - 12.41",181,,,,,,,,,,,,,,,,,,,,,,,,,,,,,,,,,,,,,,,,,,,,,,,,,,,,,,,,,,,,,,,,,,,,,,,,,,,,,,,,,,,,,,,,,,,,,,,,,,,
15,,,,,,,,,,,,15.484972828435355,15.484972828435355,15.73925123076923,15.73925123076923,1.0323315218956906,1.0323315218956903,1.0695696888888888,1.0695696888888888,1.0381577677991973,"15.18 - 15.79",45,,,,,,,,,,,,15.484972828435355,15.484972828435355,15.73925123076923,15.73925123076923,1.0323315218956906,1.0323315218956903,1.0695696888888888,1.0695696888888888,1.0381577677991973,"15.18 - 15.79",45,,,,,,,,,,,,,,,,,,,,,,,,,,,,,,,,,,,,,,,,,,,,,,,,,,,,,,,,,,,,,,,,,,,,,,,,,,,,,,,,,,,,,,,,,,,,,,,,,,,
18,,,,,,,,,,,,17.96558612597483,17.96558612597483,17.83863245614035,17.83863245614035,0.9980881181097129,0.9980881181097128,1.0248444090909092,1.024844409090909,2.7611073702501256,"17.15 - 18.78",44,,,,,,,,,,,,17.96558612597483,17.96558612597483,17.83863245614035,17.83863245614035,0.9980881181097129,0.9980881181097128,1.0248444090909092,1.024844409090909,2.7611073702501256,"17.15 - 18.78",44,,,,,,,,,,,,,,,,,,,,,,,,,,,,,,,,,,,,,,,,,,,,,,,,,,,,,,,,,,,,,,,,,,,,,,,,,,,,,,,,,,,,,,,,,,,,,,,,,,,
20,,,,,,,,,,,,18.936149184574592,18.936149184574592,18.926487529411766,18.92648752941177,0.9468074592287297,0.9468074592287296,0.9741430947368422,0.974143094736842,2.414562077172836,"18.31 - 19.56",57,,,,,,,,,,,,18.936149184574592,18.936149184574592,18.926487529411766,18.92648752941177,0.9468074592287297,0.9468074592287296,0.9741430947368422,0.974143094736842,2.414562077172836,"18.31 - 19.56",57,,,,,,,,,,,,,,,,,,,,,,,,,,,,,,,,,,,,,,,,,,,,,,,,,,,,,,,,,,,,,,,,,,,,,,,,,,,,,,,,,,,,,,,,,,,,,,,,,,,
25,28.57846444941246,28.57846444941246,28.920025,28.920025,1.1431385779764984,1.1431385779764984,1.1730373866666666,1.1730373866666666,1.2494854302425997,"28.25 - 28.9",57,23.759721879650915,23.58688319334862,24.177817258523266,24.029782574260135,0.9503888751860367,0.9434753277339447,0.9791271569227962,0.9720012980281689,2.4717938763910157,"23.35 - 24.17",142,,,,,,,,,,,,27.980602953339204,25.01663259835183,28.33165918174676,25.430505279120297,1.1192241181335683,1.0006653039340732,1.1489789402192325,1.0295844992964824,3.14812570697169,"27.54 - 28.42",199,,,,,,,,,,,,,,,,,,,,,,,,,,,,,,,,,,,,,,,,,,,,,,,,,,,,,,,,,,,,,,,,,,,,,,,,,,,,,,,,,,,,,,,,,,,,,,,,,,,
40,,,,,,,,,,,,39.48772292395871,39.48772292395871,39.45391354285714,39.45391354285714,0.9871930730989678,0.9871930730989678,1.0114050785714286,1.0114050785714286,4.45135175187392,"38.32 - 40.65",56,,,,,,,,,,,,39.48772292395871,39.48772292395871,39.45391354285714,39.45391354285714,0.9871930730989678,0.9871930730989678,1.0114050785714286,1.0114050785714286,4.45135175187392,"38.32 - 40.65",56,,,,,,,,,,,,,,,,,,,,,,,,,,,,,,,,,,,,,,,,,,,,,,,,,,,,,,,,,,,,,,,,,,,,,,,,,,,,,,,,,,,,,,,,,,,,,,,,,,,
50,56.78806984920775,56.78806984920775,58.396073894736844,58.396073894736844,1.135761396984155,1.135761396984155,1.1507058000000001,1.1507058,5.031886531911108,"55.49 - 58.08",58,41.49688137415,41.49688137415,41.65196838095238,41.65196838095238,0.829937627483,0.829937627483,0.8426246212765958,0.8426246212765958,7.675677509576592,"39.3 - 43.69",47,56.131918405144425,56.131918405144425,56.550094736842105,56.5500947368421,1.1226383681028884,1.1226383681028886,1.1311027425641025,1.1311027425641025,1.5388682472731556,"55.65 - 56.61",39,56.32654207319335,51.61948815027592,57.61607510982267,52.431031212057924,1.126530841463867,1.0323897630055183,1.1398523784505286,1.044842365,8.929741497317803,"54.87 - 57.79",144,,,,,,,,,,,,,,,,,,,,,,,,,,,,,,,,,,,,,,,,,,,,,,,,,,,,,,,,,,,,,,,,,,,,,,,,,,,,,,,,,,,,,,,,,,,,,,,,,,,
60,75.63434508513812,75.63434508513812,79.2852942072829,79.2852942072829,1.2605724180856355,1.2605724180856355,1.2780715933333333,1.2780715933333333,9.364491078336021,"72.73 - 78.54",40,,,,,,,,,,,,,,,,,,,,,,,75.63434508513812,75.63434508513812,79.2852942072829,79.2852942072829,1.2605724180856355,1.2605724180856355,1.2780715933333333,1.2780715933333333,9.364491078336021,"72.73 - 78.54",40,,,,,,,,,,,,,,,,,,,,,,,,,,,,,,,,,,,,,,,,,,,,,,,,,,,,,,,,,,,,,,,,,,,,,,,,,,,,,,,,,,,,,,,,,,,,,,,,,,,
75,86.9123320456771,86.9123320456771,87.21189766666666,87.21189766666666,1.1588310939423616,1.1588310939423614,1.1735422603174603,1.1735422603174603,2.1396693799422137,"86.27 - 87.56",42,,,,,,,,,,,,80.7965318637328,80.29662920156305,81.36108351974823,81.20517018230478,1.0772870915164372,1.0706217226875072,1.0875442617964495,1.0808124748387096,2.9284211569220067,"80.2 - 81.39",93,81.9751022596582,82.3548478641763,82.4885886933112,83.07392984410625,1.0930013634621092,1.0980646381890173,1.1041168593552984,1.1096617414320986,4.091313874386202,"81.28 - 82.67",135,,,,,,,,,,,,,,,,,,,,,,,,,,,,,,,,,,,,,,,,,,,,,,,,,,,,,,,,,,,,,,,,,,,,,,,,,,,,,,,,,,,,,,,,,,,,,,,,,,,
80,,,,,,,,,,,,76.56354570320879,76.56354570320879,77.14466969369369,77.14466969369369,0.9570443212901099,0.9570443212901099,0.9786602608433734,0.9786602608433734,5.843274462497425,"75.31 - 77.82",83,,,,,,,,,,,,76.56354570320879,76.56354570320879,77.14466969369369,77.14466969369369,0.9570443212901099,0.9570443212901099,0.9786602608433734,0.9786602608433734,5.843274462497425,"75.31 - 77.82",83,,,,,,,,,,,,,,,,,,,,,,,,,,,,,,,,,,,,,,,,,,,,,,,,,,,,,,,,,,,,,,,,,,,,,,,,,,,,,,,,,,,,,,,,,,,,,,,,,,,
100,113.8299334228169,116.43782141164735,115.30507745085815,118.24056999194431,1.1382993342281689,1.1643782141164736,1.1554032929320113,1.1823328704166667,8.952914250900625,"112.56 - 115.1",192,95.75845761003825,95.75845761003826,97.50170681940145,97.50170681940145,0.9575845761003826,0.9575845761003826,0.9763899266666666,0.9763899266666667,5.675722797620275,"94.04 - 97.47",42,98.48643534350707,98.25042607181673,99.06929708307224,98.85927992897498,0.9848643534350706,0.9825042607181673,0.9922204820721493,0.9902433410169491,2.0343960592574972,"98.12 - 98.85",118,112.02497452654346,107.8734863838985,113.40079284892163,109.26890953547505,1.1202497452654343,1.078734863838985,1.1362633616853621,1.09336648375,11.729260969501729,"110.8 - 113.25",352,,,,,,,,,,,,,,,,,,,,,,,,,,,,,,,,,,,,,,,,,,,,,,,,,,,,,,,,,,,,,,,,,,,,,,,,,,,,,,,,,,,,,,,,,,,,,,,,,,,
150,166.93808911542413,166.93808911542413,170.2677600190476,170.2677600190476,1.1129205941028277,1.1129205941028275,1.1327246231884058,1.1327246231884058,11.98697264163283,"163.47 - 170.4",46,,,,,,,,,,,,,,,,,,,,,,,166.93808911542413,166.93808911542413,170.2677600190476,170.2677600190476,1.1129205941028277,1.1129205941028275,1.1327246231884058,1.1327246231884058,11.98697264163283,"163.47 - 170.4",46,,,,,,,,,,,,,,,,,,,,,,,,,,,,,,,,,,,,,,,,,,,,,,,,,,,,,,,,,,,,,,,,,,,,,,,,,,,,,,,,,,,,,,,,,,,,,,,,,,,
175,201.55150882873426,201.55150882873426,205.8831334363636,205.8831334363636,1.1517229075927673,1.1517229075927673,1.1671900757894738,1.1671900757894735,10.666472001914446,"198.16 - 204.94",38,,,,,,,,,,,,,,,,,,,,,,,201.55150882873426,201.55150882873426,205.8831334363636,205.8831334363636,1.1517229075927673,1.1517229075927673,1.1671900757894738,1.1671900757894735,10.666472001914446,"198.16 - 204.94",38,,,,,,,,,,,,,,,,,,,,,,,,,,,,,,,,,,,,,,,,,,,,,,,,,,,,,,,,,,,,,,,,,,,,,,,,,,,,,,,,,,,,,,,,,,,,,,,,,,,
200,223.87925028287395,224.312037243369,231.69276127247701,232.95572853489128,1.1193962514143698,1.121560186216845,1.1332758230477156,1.1373921068725867,24.93805016422053,"220.84 - 226.92",259,,,,,,,,,,,,,,,,,,,,,,,223.87925028287395,224.312037243369,231.69276127247701,232.95572853489128,1.1193962514143698,1.121560186216845,1.1332758230477156,1.1373921068725867,24.93805016422053,"220.84 - 226.92",259,,,,,,,,,,,,,,,,,,,,,,,,,,,,,,,,,,,,,,,,,,,,,,,,,,,,,,,,,,,,,,,,,,,,,,,,,,,,,,,,,,,,,,,,,,,,,,,,,,,
250,,,,,,,,,,,,,,,,,,,,,,,268.35909799746025,268.3590979974602,271.40579552941176,271.40579552941176,1.073436391989841,1.0734363919898409,1.079711278095238,1.079711278095238,13.226490499482418,"264.36 - 272.36",42,268.35909799746025,268.3590979974602,271.40579552941176,271.40579552941176,1.073436391989841,1.0734363919898409,1.079711278095238,1.079711278095238,13.226490499482418,"264.36 - 272.36",42,,,,,,,,,,,,,,,,,,,,,,,,,,,,,,,,,,,,,,,,,,,,,,,,,,,,,,,,,,,,,,,,,,,,,,,,,,,,,,,,,,,,,,,,,,,,,,,,,,,
300,331.7753374308723,327.8422889618137,342.9090605698415,338.65040292619625,1.105917791436241,1.0928076298727125,1.1248842753752817,1.11043874189781,30.470707446843907,"326.67 - 336.88",137,,,,,,,,,,,,,,,,,,,,,,,331.7753374308723,327.8422889618137,342.9090605698415,338.65040292619625,1.105917791436241,1.0928076298727125,1.1248842753752817,1.11043874189781,30.470707446843907,"326.67 - 336.88",137,,,,,,,,,,,,,,,,,,,,,,,,,,,,,,,,,,,,,,,,,,,,,,,,,,,,,,,,,,,,,,,,,,,,,,,,,,,,,,,,,,,,,,,,,,,,,,,,,,,
400,444.02211379987983,444.0221137998798,461.1118834385965,461.11188343859646,1.1100552844996996,1.1100552844996996,1.122989410888889,1.122989410888889,57.068063429906985,"432.23 - 455.81",90,,,,,,,,,,,,,,,,,,,,,,,444.02211379987983,444.0221137998798,461.1118834385965,461.11188343859646,1.1100552844996996,1.1100552844996996,1.122989410888889,1.122989410888889,57.068063429906985,"432.23 - 455.81",90,,,,,,,,,,,,,,,,,,,,,,,,,,,,,,,,,,,,,,,,,,,,,,,,,,,,,,,,,,,,,,,,,,,,,,,,,,,,,,,,,,,,,,,,,,,,,,,,,,,
500,529.4900128824695,529.4900128824695,561.4144973333333,561.4144973333333,1.058980025764939,1.058980025764939,1.0739491973953488,1.0739491973953488,73.36627661697743,"507.56 - 551.42",43,,,,,,,,,,,,467.35596693395115,447.1903111154277,457.36677770361894,419.24971689413394,0.9347119338679024,0.8943806222308553,0.936239476552941,0.894271743227053,86.14591794897724,"455.62 - 479.09",207,476.3065332676148,461.34585981935885,472.35511464829204,443.7020591296762,0.9526130665352296,0.9226917196387178,0.9560769098372879,0.925176265344,89.53190773575423,"465.21 - 487.41",250,,,,,,,,,,,,,,,,,,,,,,,,,,,,,,,,,,,,,,,,,,,,,,,,,,,,,,,,,,,,,,,,,,,,,,,,,,,,,,,,,,,,,,,,,,,,,,,,,,,
Total,,,,,,,,,,,,,,,,,,,,,,,,,,,,,,,,,,,,,,,,,,,,,,,,,,,,,,,,,,,,,,,,,,,,,,,,,,,,,,,,,,,,,,,,,,,,,,,,,,,,,,,,,,,,,,,,,,,,,,,,,,,,,,,,,,,,,,,,,,,,,,,
"Download Sustained Trimmed Mean",,,,,,,,,,,,,,,,,,,,,,,,,,,,,,,,,,,,,,,,,,,,,,,,,,,,,,,,,,,,,,,,,,,,,,,,,,,,,,,,,,,,,,,,,,,,,,,,,,,,,,,,,,,,,,,,,,,,,,,,,,,,,,,,,,,,,,,,,,,,,,,
Offpeak,,,,,,,,,,,,,,,,,,,,,,,,,,,,,,,,,,,,,,,,,,,,,,,,,,,,,,,,,,,,,,,,,,,,,,,,,,,,,,,,,,,,,,,,,,,,,,,,,,,,,,,,,,,,,,,,,,,,,,,,,,,,,,,,,,,,,,,,,,,,,,,
,Cable,,,,,,,,,,,DSL,,,,,,,,,,,Fiber,,,,,,,,,,,Total,,,,,,,,,,,,,,,,,,,,,,,,,,,,,,,,,,,,,,,,,,,,,,,,,,,,,,,,,,,,,,,,,,,,,,,,,,,,,,,,,,,,,,,,,,,,,,,,,,,,,,,,,,,,,
"Tier (Mbps)","Weighted Mean","Unweighted Mean","Weighted mean of medians","Unweighted mean of medians","Weighted Mean % advertised","Unweighted Mean % advertised","Weighted Mean of Medians % Advertised","Unweighted Mean of Medians % Advertised","Standard Deviation","95% C.I","Unweighted Valid N","Weighted Mean","Unweighted Mean","Weighted mean of medians","Unweighted mean of medians","Weighted Mean % advertised","Unweighted Mean % advertised","Weighted Mean of Medians % Advertised","Unweighted Mean of Medians % Advertised","Standard Deviation","95% C.I","Unweighted Valid N","Weighted Mean","Unweighted Mean","Weighted mean of medians","Unweighted mean of medians","Weighted Mean % advertised","Unweighted Mean % advertised","Weighted Mean of Medians % Advertised","Unweighted Mean of Medians % Advertised","Standard Deviation","95% C.I","Unweighted Valid N","Weighted Mean","Unweighted Mean","Weighted mean of medians","Unweighted mean of medians","Weighted Mean % advertised","Unweighted Mean % advertised","Weighted Mean of Medians % Advertised","Unweighted Mean of Medians % Advertised","Standard Deviation","95% C.I","Unweighted Valid N",,,,,,,,,,,,,,,,,,,,,,,,,,,,,,,,,,,,,,,,,,,,,,,,,,,,,,,,,,,,,,,,,,,,,,,,,,,,,,,,,,,,,,,,,,,,,,,,,,,
1.5,,,,,,,,,,,,1.2719229308698825,1.2719229308698825,1.252206322580645,1.252206322580645,0.8479486205799217,0.8479486205799217,0.8756765128205127,0.8756765128205127,0.15614124462559373,"1.23 - 1.31",65,,,,,,,,,,,,1.2719229308698825,1.2719229308698825,1.252206322580645,1.252206322580645,0.8479486205799217,0.8479486205799217,0.8756765128205127,0.8756765128205127,0.15614124462559373,"1.23 - 1.31",65,,,,,,,,,,,,,,,,,,,,,,,,,,,,,,,,,,,,,,,,,,,,,,,,,,,,,,,,,,,,,,,,,,,,,,,,,,,,,,,,,,,,,,,,,,,,,,,,,,,
3,,,,,,,,,,,,2.979106041249843,2.979106041249843,2.7824617260385,2.7824617260385,0.9930353470832809,0.993035347083281,1.0068689866666667,1.0068689866666667,0.8147389370117217,"2.75 - 3.2",50,,,,,,,,,,,,2.979106041249843,2.979106041249843,2.7824617260385,2.7824617260385,0.9930353470832809,0.993035347083281,1.0068689866666667,1.0068689866666667,0.8147389370117217,"2.75 - 3.2",50,,,,,,,,,,,,,,,,,,,,,,,,,,,,,,,,,,,,,,,,,,,,,,,,,,,,,,,,,,,,,,,,,,,,,,,,,,,,,,,,,,,,,,,,,,,,,,,,,,,
5,,,,,,,,,,,,3.676829756072899,3.676829756072899,4.152651798561151,4.152651798561151,0.7353659512145798,0.7353659512145798,0.7437448979591835,0.7437448979591836,0.9715793967166371,"3.4 - 3.95",49,,,,,,,,,,,,3.676829756072899,3.676829756072899,4.152651798561151,4.152651798561151,0.7353659512145798,0.7353659512145798,0.7437448979591835,0.7437448979591836,0.9715793967166371,"3.4 - 3.95",49,,,,,,,,,,,,,,,,,,,,,,,,,,,,,,,,,,,,,,,,,,,,,,,,,,,,,,,,,,,,,,,,,,,,,,,,,,,,,,,,,,,,,,,,,,,,,,,,,,,
10,,,,,,,,,,,,9.471934125263456,9.657481435107714,9.57935877089399,9.838730582999315,0.9471934125263455,0.9657481435107714,0.9769974891074145,0.9985373039370078,1.0461542510981598,"9.29 - 9.65",127,,,,,,,,,,,,9.471934125263456,9.657481435107714,9.57935877089399,9.838730582999315,0.9471934125263455,0.9657481435107714,0.9769974891074145,0.9985373039370078,1.0461542510981598,"9.29 - 9.65",127,,,,,,,,,,,,,,,,,,,,,,,,,,,,,,,,,,,,,,,,,,,,,,,,,,,,,,,,,,,,,,,,,,,,,,,,,,,,,,,,,,,,,,,,,,,,,,,,,,,
12,,,,,,,,,,,,12.465452779899284,12.518903425740186,12.047801541857762,12.123506193046577,1.0387877316582736,1.0432419521450156,1.0675259980752199,1.0733155690607734,1.9871377791036409,"12.18 - 12.75",181,,,,,,,,,,,,12.465452779899284,12.518903425740186,12.047801541857762,12.123506193046577,1.0387877316582736,1.0432419521450156,1.0675259980752199,1.0733155690607734,1.9871377791036409,"12.18 - 12.75",181,,,,,,,,,,,,,,,,,,,,,,,,,,,,,,,,,,,,,,,,,,,,,,,,,,,,,,,,,,,,,,,,,,,,,,,,,,,,,,,,,,,,,,,,,,,,,,,,,,,
15,,,,,,,,,,,,15.910183190916154,15.910183190916152,16.103864540925265,16.103864540925265,1.0606788793944102,1.0606788793944102,1.0855205214814816,1.0855205214814814,0.824331970938817,"15.67 - 16.15",45,,,,,,,,,,,,15.910183190916154,15.910183190916152,16.103864540925265,16.103864540925265,1.0606788793944102,1.0606788793944102,1.0855205214814816,1.0855205214814814,0.824331970938817,"15.67 - 16.15",45,,,,,,,,,,,,,,,,,,,,,,,,,,,,,,,,,,,,,,,,,,,,,,,,,,,,,,,,,,,,,,,,,,,,,,,,,,,,,,,,,,,,,,,,,,,,,,,,,,,
18,,,,,,,,,,,,18.60565325544499,18.605653255444988,18.063360395238092,18.063360395238092,1.0336474030802771,1.0336474030802771,1.0559097272727274,1.0559097272727271,2.9488706350379132,"17.73 - 19.48",44,,,,,,,,,,,,18.60565325544499,18.605653255444988,18.063360395238092,18.063360395238092,1.0336474030802771,1.0336474030802771,1.0559097272727274,1.0559097272727271,2.9488706350379132,"17.73 - 19.48",44,,,,,,,,,,,,,,,,,,,,,,,,,,,,,,,,,,,,,,,,,,,,,,,,,,,,,,,,,,,,,,,,,,,,,,,,,,,,,,,,,,,,,,,,,,,,,,,,,,,
20,,,,,,,,,,,,19.642545194046633,19.642545194046633,19.65225562162162,19.65225562162162,0.9821272597023317,0.9821272597023317,0.9975265298245614,0.9975265298245614,2.119325845078338,"19.09 - 20.19",57,,,,,,,,,,,,19.642545194046633,19.642545194046633,19.65225562162162,19.65225562162162,0.9821272597023317,0.9821272597023317,0.9975265298245614,0.9975265298245614,2.119325845078338,"19.09 - 20.19",57,,,,,,,,,,,,,,,,,,,,,,,,,,,,,,,,,,,,,,,,,,,,,,,,,,,,,,,,,,,,,,,,,,,,,,,,,,,,,,,,,,,,,,,,,,,,,,,,,,,
25,29.029604791097007,29.029604791097007,29.2907288,29.2907288,1.1611841916438803,1.1611841916438803,1.186909002105263,1.186909002105263,1.3024838810211175,"28.69 - 29.37",57,24.341628875689185,24.163849636349394,24.683797169726738,24.478970884844625,0.9736651550275675,0.9665539854539758,0.9911777636913728,0.984300565034965,2.1349126661347544,"23.99 - 24.69",143,,,,,,,,,,,,28.44796751669083,25.55058985545246,28.719146691823862,25.85032189066391,1.1379187006676332,1.0220235942180984,1.1626246230722925,1.0420439696,2.9289020551372333,"28.04 - 28.85",200,,,,,,,,,,,,,,,,,,,,,,,,,,,,,,,,,,,,,,,,,,,,,,,,,,,,,,,,,,,,,,,,,,,,,,,,,,,,,,,,,,,,,,,,,,,,,,,,,,,
40,,,,,,,,,,,,40.291835606548176,40.29183560654817,40.1748961539075,40.17489615390749,1.0072958901637044,1.0072958901637044,1.0264610857142857,1.0264610857142857,4.14902747731442,"39.21 - 41.38",56,,,,,,,,,,,,40.291835606548176,40.29183560654817,40.1748961539075,40.17489615390749,1.0072958901637044,1.0072958901637044,1.0264610857142857,1.0264610857142857,4.14902747731442,"39.21 - 41.38",56,,,,,,,,,,,,,,,,,,,,,,,,,,,,,,,,,,,,,,,,,,,,,,,,,,,,,,,,,,,,,,,,,,,,,,,,,,,,,,,,,,,,,,,,,,,,,,,,,,,
50,57.47124347255091,57.47124347255091,58.88549917527651,58.88549917527651,1.1494248694510183,1.1494248694510183,1.158599831724138,1.158599831724138,4.918273179581708,"56.21 - 58.74",58,43.2596215439114,43.2596215439114,43.92868090140845,43.92868090140845,0.865192430878228,0.865192430878228,0.8806208680851063,0.8806208680851063,7.156040235307723,"41.21 - 45.31",47,56.52012037350962,56.52012037350963,56.77915137007874,56.77915137007873,1.1304024074701926,1.1304024074701926,1.1352211220512818,1.135221122051282,1.4760371688545435,"56.06 - 56.98",39,56.95917108960027,52.57513214262961,58.07734799680945,53.43329068031462,1.1391834217920056,1.0515026428525922,1.1474207305757502,1.0615388527777778,8.317612123976597,"55.6 - 58.32",144,,,,,,,,,,,,,,,,,,,,,,,,,,,,,,,,,,,,,,,,,,,,,,,,,,,,,,,,,,,,,,,,,,,,,,,,,,,,,,,,,,,,,,,,,,,,,,,,,,,
60,77.53134629958022,77.5313462995802,79.55276752787769,79.55276752787769,1.2921891049930037,1.2921891049930037,1.310797025,1.3107970249999998,5.25504314610918,"75.9 - 79.16",40,,,,,,,,,,,,,,,,,,,,,,,77.53134629958022,77.5313462995802,79.55276752787769,79.55276752787769,1.2921891049930037,1.2921891049930037,1.310797025,1.3107970249999998,5.25504314610918,"75.9 - 79.16",40,,,,,,,,,,,,,,,,,,,,,,,,,,,,,,,,,,,,,,,,,,,,,,,,,,,,,,,,,,,,,,,,,,,,,,,,,,,,,,,,,,,,,,,,,,,,,,,,,,,
75,87.90222854400116,87.90222854400116,88.51540897894529,88.51540897894529,1.1720297139200155,1.1720297139200155,1.1871874958730158,1.1871874958730158,2.381677203944896,"87.18 - 88.62",42,,,,,,,,,,,,81.76591167010523,81.43936923041545,81.73895591951255,81.61373420629562,1.0902121556014028,1.0858582564055395,1.096517245736132,1.0931371326164874,1.5189409275088976,"81.46 - 82.07",93,82.94843581942955,83.4500365724199,83.04484014195725,83.76092191334219,1.1059791442590605,1.112667154298932,1.1139902287348193,1.1223972456296296,3.5125913542340355,"82.36 - 83.54",135,,,,,,,,,,,,,,,,,,,,,,,,,,,,,,,,,,,,,,,,,,,,,,,,,,,,,,,,,,,,,,,,,,,,,,,,,,,,,,,,,,,,,,,,,,,,,,,,,,,
80,,,,,,,,,,,,77.82270005161449,77.82270005161449,78.49957043298969,78.49957043298969,0.9727837506451811,0.9727837506451812,0.9898689253012047,0.9898689253012047,5.160582892867031,"76.71 - 78.93",83,,,,,,,,,,,,77.82270005161449,77.82270005161449,78.49957043298969,78.49957043298969,0.9727837506451811,0.9727837506451812,0.9898689253012047,0.9898689253012047,5.160582892867031,"76.71 - 78.93",83,,,,,,,,,,,,,,,,,,,,,,,,,,,,,,,,,,,,,,,,,,,,,,,,,,,,,,,,,,,,,,,,,,,,,,,,,,,,,,,,,,,,,,,,,,,,,,,,,,,
100,115.3062776836852,117.94421601078696,115.94551568754355,119.25048205548622,1.1530627768368518,1.1794421601078695,1.1630158473868275,1.190649084375,8.500754196384724,"114.1 - 116.51",192,96.46479237665476,96.46479237665477,97.79054806686567,97.79054806686567,0.9646479237665476,0.9646479237665476,0.9815008476190474,0.9815008476190475,5.549156294126174,"94.79 - 98.14",42,99.16865694770654,99.09890893480308,99.52621011397301,99.41581616707407,0.9916865694770652,0.9909890893480309,0.9963499664525038,0.9959309643697478,1.112161285556482,"98.97 - 99.37",119,113.40860754482627,109.03563999187581,114.01906270315884,110.0107016921913,1.1340860754482627,1.0903563999187582,1.1434730229294514,1.100123072407932,11.778653730815345,"112.18 - 114.64",353,,,,,,,,,,,,,,,,,,,,,,,,,,,,,,,,,,,,,,,,,,,,,,,,,,,,,,,,,,,,,,,,,,,,,,,,,,,,,,,,,,,,,,,,,,,,,,,,,,,
150,169.20044735510638,169.20044735510638,173.58832355555555,173.58832355555555,1.1280029823673758,1.1280029823673758,1.139531464397163,1.139531464397163,11.154948680869314,"166.01 - 172.39",47,,,,,,,,,,,,,,,,,,,,,,,169.20044735510638,169.20044735510638,173.58832355555555,173.58832355555555,1.1280029823673758,1.1280029823673758,1.139531464397163,1.139531464397163,11.154948680869314,"166.01 - 172.39",47,,,,,,,,,,,,,,,,,,,,,,,,,,,,,,,,,,,,,,,,,,,,,,,,,,,,,,,,,,,,,,,,,,,,,,,,,,,,,,,,,,,,,,,,,,,,,,,,,,,
175,203.07160317429805,203.07160317429805,206.37018915151515,206.37018915151515,1.1604091609959888,1.1604091609959888,1.1747315997069598,1.1747315997069596,10.263864520013762,"199.85 - 206.29",39,,,,,,,,,,,,,,,,,,,,,,,203.07160317429805,203.07160317429805,206.37018915151515,206.37018915151515,1.1604091609959888,1.1604091609959888,1.1747315997069598,1.1747315997069596,10.263864520013762,"199.85 - 206.29",39,,,,,,,,,,,,,,,,,,,,,,,,,,,,,,,,,,,,,,,,,,,,,,,,,,,,,,,,,,,,,,,,,,,,,,,,,,,,,,,,,,,,,,,,,,,,,,,,,,,
200,229.25377560966703,230.57038958621587,233.84870935740582,237.0462270393375,1.1462688780483352,1.1528519479310795,1.154519201337783,1.1636863556756756,19.745301945309144,"226.85 - 231.66",259,,,,,,,,,,,,,,,,,,,,,,,229.25377560966703,230.57038958621587,233.84870935740582,237.0462270393375,1.1462688780483352,1.1528519479310795,1.154519201337783,1.1636863556756756,19.745301945309144,"226.85 - 231.66",259,,,,,,,,,,,,,,,,,,,,,,,,,,,,,,,,,,,,,,,,,,,,,,,,,,,,,,,,,,,,,,,,,,,,,,,,,,,,,,,,,,,,,,,,,,,,,,,,,,,
250,,,,,,,,,,,,,,,,,,,,,,,269.10391789185576,269.1039178918557,271.7053450693512,271.7053450693512,1.076415671567423,1.076415671567423,1.080865616,1.0808656159999999,13.068240695742409,"265.15 - 273.06",42,269.10391789185576,269.1039178918557,271.7053450693512,271.7053450693512,1.076415671567423,1.076415671567423,1.080865616,1.0808656159999999,13.068240695742409,"265.15 - 273.06",42,,,,,,,,,,,,,,,,,,,,,,,,,,,,,,,,,,,,,,,,,,,,,,,,,,,,,,,,,,,,,,,,,,,,,,,,,,,,,,,,,,,,,,,,,,,,,,,,,,,
300,336.70294215438446,333.3502301952412,345.5749273463635,342.2254513510534,1.122343140514615,1.1111674339841373,1.1373495151875261,1.125921729468599,26.381416234994475,"332.3 - 341.1",138,,,,,,,,,,,,,,,,,,,,,,,336.70294215438446,333.3502301952412,345.5749273463635,342.2254513510534,1.122343140514615,1.1111674339841373,1.1373495151875261,1.125921729468599,26.381416234994475,"332.3 - 341.1",138,,,,,,,,,,,,,,,,,,,,,,,,,,,,,,,,,,,,,,,,,,,,,,,,,,,,,,,,,,,,,,,,,,,,,,,,,,,,,,,,,,,,,,,,,,,,,,,,,,,
400,450.00660275955374,450.00660275955374,466.95309577981646,466.9530957798165,1.1250165068988844,1.1250165068988844,1.1376173346153846,1.1376173346153846,56.241035606043376,"438.45 - 461.56",91,,,,,,,,,,,,,,,,,,,,,,,450.00660275955374,450.00660275955374,466.95309577981646,466.9530957798165,1.1250165068988844,1.1250165068988844,1.1376173346153846,1.1376173346153846,56.241035606043376,"438.45 - 461.56",91,,,,,,,,,,,,,,,,,,,,,,,,,,,,,,,,,,,,,,,,,,,,,,,,,,,,,,,,,,,,,,,,,,,,,,,,,,,,,,,,,,,,,,,,,,,,,,,,,,,
500,543.1863052063537,543.1863052063537,564.5170504951768,564.5170504951768,1.0863726104127074,1.0863726104127074,1.101808712372093,1.101808712372093,51.45467568930511,"527.81 - 558.57",43,,,,,,,,,,,,469.75625802891574,448.5000489879715,456.56318252535857,416.9487351710318,0.9395125160578314,0.897000097975943,0.9378920870986418,0.8941464829714285,86.6210567640185,"458.04 - 481.47",210,480.3340418849722,464.592970005325,472.11421000938907,442.02951603640025,0.9606680837699444,0.92918594001065,0.9615046911919907,0.9294408539762845,89.07287787873754,"469.36 - 491.31",253,,,,,,,,,,,,,,,,,,,,,,,,,,,,,,,,,,,,,,,,,,,,,,,,,,,,,,,,,,,,,,,,,,,,,,,,,,,,,,,,,,,,,,,,,,,,,,,,,,,
Total,,,,,,,,,,,,,,,,,,,,,,,,,,,,,,,,,,,,,,,,,,,,,,,,,,,,,,,,,,,,,,,,,,,,,,,,,,,,,,,,,,,,,,,,,,,,,,,,,,,,,,,,,,,,,,,,,,,,,,,,,,,,,,,,,,,,,,,,,,,,,,,
"Download Sustained Trimmed Mean",,,,,,,,,,,,,,,,,,,,,,,,,,,,,,,,,,,,,,,,,,,,,,,,,,,,,,,,,,,,,,,,,,,,,,,,,,,,,,,,,,,,,,,,,,,,,,,,,,,,,,,,,,,,,,,,,,,,,,,,,,,,,,,,,,,,,,,,,,,,,,,
Weekend,,,,,,,,,,,,,,,,,,,,,,,,,,,,,,,,,,,,,,,,,,,,,,,,,,,,,,,,,,,,,,,,,,,,,,,,,,,,,,,,,,,,,,,,,,,,,,,,,,,,,,,,,,,,,,,,,,,,,,,,,,,,,,,,,,,,,,,,,,,,,,,
,Cable,,,,,,,,,,,DSL,,,,,,,,,,,Fiber,,,,,,,,,,,Total,,,,,,,,,,,,,,,,,,,,,,,,,,,,,,,,,,,,,,,,,,,,,,,,,,,,,,,,,,,,,,,,,,,,,,,,,,,,,,,,,,,,,,,,,,,,,,,,,,,,,,,,,,,,,
"Tier (Mbps)","Weighted Mean","Unweighted Mean","Weighted mean of medians","Unweighted mean of medians","Weighted Mean % advertised","Unweighted Mean % advertised","Weighted Mean of Medians % Advertised","Unweighted Mean of Medians % Advertised","Standard Deviation","95% C.I","Unweighted Valid N","Weighted Mean","Unweighted Mean","Weighted mean of medians","Unweighted mean of medians","Weighted Mean % advertised","Unweighted Mean % advertised","Weighted Mean of Medians % Advertised","Unweighted Mean of Medians % Advertised","Standard Deviation","95% C.I","Unweighted Valid N","Weighted Mean","Unweighted Mean","Weighted mean of medians","Unweighted mean of medians","Weighted Mean % advertised","Unweighted Mean % advertised","Weighted Mean of Medians % Advertised","Unweighted Mean of Medians % Advertised","Standard Deviation","95% C.I","Unweighted Valid N","Weighted Mean","Unweighted Mean","Weighted mean of medians","Unweighted mean of medians","Weighted Mean % advertised","Unweighted Mean % advertised","Weighted Mean of Medians % Advertised","Unweighted Mean of Medians % Advertised","Standard Deviation","95% C.I","Unweighted Valid N",,,,,,,,,,,,,,,,,,,,,,,,,,,,,,,,,,,,,,,,,,,,,,,,,,,,,,,,,,,,,,,,,,,,,,,,,,,,,,,,,,,,,,,,,,,,,,,,,,,
1.5,,,,,,,,,,,,1.2596749620659893,1.2596749620659893,1.2384215272727273,1.2384215272727273,0.8397833080439929,0.8397833080439928,0.8661972512820513,0.8661972512820513,0.1593286495687809,"1.22 - 1.3",65,,,,,,,,,,,,1.2596749620659893,1.2596749620659893,1.2384215272727273,1.2384215272727273,0.8397833080439929,0.8397833080439928,0.8661972512820513,0.8661972512820513,0.1593286495687809,"1.22 - 1.3",65,,,,,,,,,,,,,,,,,,,,,,,,,,,,,,,,,,,,,,,,,,,,,,,,,,,,,,,,,,,,,,,,,,,,,,,,,,,,,,,,,,,,,,,,,,,,,,,,,,,
3,,,,,,,,,,,,2.934871007529401,2.9348710075294013,2.7732918333333334,2.7732918333333334,0.9782903358431337,0.9782903358431337,0.9892339999999998,0.989234,0.8254905153845862,"2.71 - 3.16",50,,,,,,,,,,,,2.934871007529401,2.9348710075294013,2.7732918333333334,2.7732918333333334,0.9782903358431337,0.9782903358431337,0.9892339999999998,0.989234,0.8254905153845862,"2.71 - 3.16",50,,,,,,,,,,,,,,,,,,,,,,,,,,,,,,,,,,,,,,,,,,,,,,,,,,,,,,,,,,,,,,,,,,,,,,,,,,,,,,,,,,,,,,,,,,,,,,,,,,,
5,,,,,,,,,,,,3.67097967448038,3.67097967448038,4.130727555555556,4.130727555555556,0.7341959348960759,0.734195934896076,0.7439564571428571,0.7439564571428571,0.9688901865929525,"3.4 - 3.94",49,,,,,,,,,,,,3.67097967448038,3.67097967448038,4.130727555555556,4.130727555555556,0.7341959348960759,0.734195934896076,0.7439564571428571,0.7439564571428571,0.9688901865929525,"3.4 - 3.94",49,,,,,,,,,,,,,,,,,,,,,,,,,,,,,,,,,,,,,,,,,,,,,,,,,,,,,,,,,,,,,,,,,,,,,,,,,,,,,,,,,,,,,,,,,,,,,,,,,,,
10,,,,,,,,,,,,9.35607378350262,9.571071888632476,9.610177269102891,9.933617856440318,0.935607378350262,0.9571071888632476,0.966983036934557,0.988144548031496,1.1450849879816627,"9.16 - 9.56",127,,,,,,,,,,,,9.35607378350262,9.571071888632476,9.610177269102891,9.933617856440318,0.935607378350262,0.9571071888632476,0.966983036934557,0.988144548031496,1.1450849879816627,"9.16 - 9.56",127,,,,,,,,,,,,,,,,,,,,,,,,,,,,,,,,,,,,,,,,,,,,,,,,,,,,,,,,,,,,,,,,,,,,,,,,,,,,,,,,,,,,,,,,,,,,,,,,,,,
12,,,,,,,,,,,,12.38459137291,12.431415212078623,12.009270339348692,12.077962867868699,1.0320492810758333,1.0359512676732185,1.0637267598875675,1.0685845303867403,1.985849579587111,"12.1 - 12.67",181,,,,,,,,,,,,12.38459137291,12.431415212078623,12.009270339348692,12.077962867868699,1.0320492810758333,1.0359512676732185,1.0637267598875675,1.0685845303867403,1.985849579587111,"12.1 - 12.67",181,,,,,,,,,,,,,,,,,,,,,,,,,,,,,,,,,,,,,,,,,,,,,,,,,,,,,,,,,,,,,,,,,,,,,,,,,,,,,,,,,,,,,,,,,,,,,,,,,,,
15,,,,,,,,,,,,15.86075475360827,15.860754753608267,16.097831404958676,16.097831404958676,1.0573836502405511,1.0573836502405511,1.087223282962963,1.087223282962963,0.8330070360453867,"15.62 - 16.1",45,,,,,,,,,,,,15.86075475360827,15.860754753608267,16.097831404958676,16.097831404958676,1.0573836502405511,1.0573836502405511,1.087223282962963,1.087223282962963,0.8330070360453867,"15.62 - 16.1",45,,,,,,,,,,,,,,,,,,,,,,,,,,,,,,,,,,,,,,,,,,,,,,,,,,,,,,,,,,,,,,,,,,,,,,,,,,,,,,,,,,,,,,,,,,,,,,,,,,,
18,,,,,,,,,,,,18.44878563050953,18.44878563050953,18.32648895873016,18.32648895873016,1.0249325350283072,1.0249325350283072,1.0532,1.0532,2.9108613911541945,"17.59 - 19.31",44,,,,,,,,,,,,18.44878563050953,18.44878563050953,18.32648895873016,18.32648895873016,1.0249325350283072,1.0249325350283072,1.0532,1.0532,2.9108613911541945,"17.59 - 19.31",44,,,,,,,,,,,,,,,,,,,,,,,,,,,,,,,,,,,,,,,,,,,,,,,,,,,,,,,,,,,,,,,,,,,,,,,,,,,,,,,,,,,,,,,,,,,,,,,,,,,
20,,,,,,,,,,,,19.496111808190946,19.496111808190946,19.63685174468085,19.63685174468085,0.9748055904095474,0.9748055904095474,0.9953393228070176,0.9953393228070175,2.138114656318226,"18.94 - 20.05",57,,,,,,,,,,,,19.496111808190946,19.496111808190946,19.63685174468085,19.63685174468085,0.9748055904095474,0.9748055904095474,0.9953393228070176,0.9953393228070175,2.138114656318226,"18.94 - 20.05",57,,,,,,,,,,,,,,,,,,,,,,,,,,,,,,,,,,,,,,,,,,,,,,,,,,,,,,,,,,,,,,,,,,,,,,,,,,,,,,,,,,,,,,,,,,,,,,,,,,,
25,28.89799911350593,28.89799911350593,29.353776333333332,29.353776333333332,1.1559199645402372,1.1559199645402372,1.1817994835087717,1.181799483508772,1.7182712340524249,"28.45 - 29.34",57,24.162960613409172,23.972127057480026,24.47314595703402,24.25620154306424,0.9665184245363669,0.9588850822992011,0.9903880852256954,0.9833231183216783,2.186356067952889,"23.8 - 24.52",143,,,,,,,,,,,,28.310522783187583,25.37600059344741,28.748236415748718,25.709010358290936,1.1324209113275032,1.0150400237378965,1.1580510671353574,1.0398888823999999,3.0349781208641473,"27.89 - 28.73",200,,,,,,,,,,,,,,,,,,,,,,,,,,,,,,,,,,,,,,,,,,,,,,,,,,,,,,,,,,,,,,,,,,,,,,,,,,,,,,,,,,,,,,,,,,,,,,,,,,,
40,,,,,,,,,,,,40.090341779723005,40.090341779723005,40.25369761363636,40.25369761363636,1.0022585444930752,1.0022585444930752,1.0223858982142857,1.0223858982142857,4.108128822946845,"39.01 - 41.17",56,,,,,,,,,,,,40.090341779723005,40.090341779723005,40.25369761363636,40.25369761363636,1.0022585444930752,1.0022585444930752,1.0223858982142857,1.0223858982142857,4.108128822946845,"39.01 - 41.17",56,,,,,,,,,,,,,,,,,,,,,,,,,,,,,,,,,,,,,,,,,,,,,,,,,,,,,,,,,,,,,,,,,,,,,,,,,,,,,,,,,,,,,,,,,,,,,,,,,,,
50,57.44478241042722,57.44478241042722,59.05428598181818,59.05428598181818,1.1488956482085446,1.1488956482085444,1.1600675944827585,1.1600675944827585,4.927348195435694,"56.18 - 58.71",58,43.14834484918667,43.14834484918667,44.32376373333333,44.32376373333332,0.8629668969837334,0.8629668969837334,0.8781204612765957,0.8781204612765957,7.275789339057739,"41.07 - 45.23",47,56.47760343385134,56.47760343385135,56.83679866666667,56.83679866666666,1.1295520686770268,1.129552068677027,1.1346631035897434,1.1346631035897436,1.5420006939827777,"55.99 - 56.96",39,56.92712583796206,52.516639733588576,58.2235298667425,53.645837711195284,1.1385425167592413,1.0503327946717715,1.1483167826635912,1.0611628,8.3853045252245,"55.56 - 58.3",144,,,,,,,,,,,,,,,,,,,,,,,,,,,,,,,,,,,,,,,,,,,,,,,,,,,,,,,,,,,,,,,,,,,,,,,,,,,,,,,,,,,,,,,,,,,,,,,,,,,
60,77.32099605761542,77.32099605761542,79.44555016666666,79.44555016666666,1.2886832676269238,1.2886832676269238,1.3203099200000001,1.32030992,5.3497643225579266,"75.66 - 78.98",40,,,,,,,,,,,,,,,,,,,,,,,77.32099605761542,77.32099605761542,79.44555016666666,79.44555016666666,1.2886832676269238,1.2886832676269238,1.3203099200000001,1.32030992,5.3497643225579266,"75.66 - 78.98",40,,,,,,,,,,,,,,,,,,,,,,,,,,,,,,,,,,,,,,,,,,,,,,,,,,,,,,,,,,,,,,,,,,,,,,,,,,,,,,,,,,,,,,,,,,,,,,,,,,,
75,87.9043340174272,87.90433401742719,88.50516577391303,88.50516577391303,1.1720577868990292,1.1720577868990292,1.1874002603174603,1.1874002603174603,1.77619893853406,"87.37 - 88.44",42,,,,,,,,,,,,81.68211648317384,81.30092677447604,81.77913091621008,81.66758729066704,1.0890948864423178,1.0840123569930138,1.0962318282049472,1.092756951971326,1.6353637701176287,"81.35 - 82.01",93,82.88119447210636,83.35532013894972,83.07529909198767,83.79483392989914,1.105082592961418,1.1114042685193297,1.1138008154076295,1.1222015367901235,3.4952355293339283,"82.29 - 83.47",135,,,,,,,,,,,,,,,,,,,,,,,,,,,,,,,,,,,,,,,,,,,,,,,,,,,,,,,,,,,,,,,,,,,,,,,,,,,,,,,,,,,,,,,,,,,,,,,,,,,
80,,,,,,,,,,,,77.1743849736733,77.1743849736733,77.8736606060606,77.8736606060606,0.9646798121709161,0.9646798121709161,0.9870085463855421,0.9870085463855421,5.608845504431099,"75.97 - 78.38",83,,,,,,,,,,,,77.1743849736733,77.1743849736733,77.8736606060606,77.8736606060606,0.9646798121709161,0.9646798121709161,0.9870085463855421,0.9870085463855421,5.608845504431099,"75.97 - 78.38",83,,,,,,,,,,,,,,,,,,,,,,,,,,,,,,,,,,,,,,,,,,,,,,,,,,,,,,,,,,,,,,,,,,,,,,,,,,,,,,,,,,,,,,,,,,,,,,,,,,,
100,115.1094478355274,117.72087074092516,115.94578416051553,119.1472956830807,1.1510944783552741,1.1772087074092517,1.1624749746839416,1.1904199460416667,8.4512402159634,"113.91 - 116.3",192,96.18232651245368,96.18232651245368,97.76645248536853,97.76645248536855,0.9618232651245369,0.9618232651245369,0.9777969495238095,0.9777969495238095,5.45458849097512,"94.53 - 97.83",42,99.00647775436352,98.92607719925638,99.39490785341047,99.29985917848009,0.9900647775436352,0.9892607719925638,0.995817521857407,0.9950593287394958,1.2523784866034626,"98.78 - 99.23",119,113.2153132653814,108.8222891855303,114.00441199739305,109.9126204469578,1.1321531326538141,1.088222891855303,1.1429195758431625,1.0992639139943343,11.752035006956932,"111.99 - 114.44",353,,,,,,,,,,,,,,,,,,,,,,,,,,,,,,,,,,,,,,,,,,,,,,,,,,,,,,,,,,,,,,,,,,,,,,,,,,,,,,,,,,,,,,,,,,,,,,,,,,,
150,169.09516963854097,169.09516963854097,173.54291144186047,173.54291144186047,1.1273011309236063,1.1273011309236063,1.1339390643971632,1.133939064397163,11.10020309260721,"165.92 - 172.27",47,,,,,,,,,,,,,,,,,,,,,,,169.09516963854097,169.09516963854097,173.54291144186047,173.54291144186047,1.1273011309236063,1.1273011309236063,1.1339390643971632,1.133939064397163,11.10020309260721,"165.92 - 172.27",47,,,,,,,,,,,,,,,,,,,,,,,,,,,,,,,,,,,,,,,,,,,,,,,,,,,,,,,,,,,,,,,,,,,,,,,,,,,,,,,,,,,,,,,,,,,,,,,,,,,
175,202.31906079228096,202.31906079228094,206.05175035897435,206.05175035897435,1.156108918813034,1.156108918813034,1.1709680357509158,1.1709680357509158,10.49343619901604,"199.03 - 205.61",39,,,,,,,,,,,,,,,,,,,,,,,202.31906079228096,202.31906079228094,206.05175035897435,206.05175035897435,1.156108918813034,1.156108918813034,1.1709680357509158,1.1709680357509158,10.49343619901604,"199.03 - 205.61",39,,,,,,,,,,,,,,,,,,,,,,,,,,,,,,,,,,,,,,,,,,,,,,,,,,,,,,,,,,,,,,,,,,,,,,,,,,,,,,,,,,,,,,,,,,,,,,,,,,,
200,228.64888736737504,229.72912285817083,233.37294055134439,236.10902665201803,1.143244436836875,1.148645614290854,1.1540801908977523,1.1623437545945945,19.84787109299483,"226.23 - 231.07",259,,,,,,,,,,,,,,,,,,,,,,,228.64888736737504,229.72912285817083,233.37294055134439,236.10902665201803,1.143244436836875,1.148645614290854,1.1540801908977523,1.1623437545945945,19.84787109299483,"226.23 - 231.07",259,,,,,,,,,,,,,,,,,,,,,,,,,,,,,,,,,,,,,,,,,,,,,,,,,,,,,,,,,,,,,,,,,,,,,,,,,,,,,,,,,,,,,,,,,,,,,,,,,,,
250,,,,,,,,,,,,,,,,,,,,,,,268.09963730069023,268.09963730069023,271.7623338536585,271.7623338536585,1.072398549202761,1.0723985492027608,1.0804723457560976,1.0804723457560974,13.932503645543097,"263.83 - 272.36",41,268.09963730069023,268.09963730069023,271.7623338536585,271.7623338536585,1.072398549202761,1.0723985492027608,1.0804723457560976,1.0804723457560974,13.932503645543097,"263.83 - 272.36",41,,,,,,,,,,,,,,,,,,,,,,,,,,,,,,,,,,,,,,,,,,,,,,,,,,,,,,,,,,,,,,,,,,,,,,,,,,,,,,,,,,,,,,,,,,,,,,,,,,,
300,336.35483239799504,333.23866180190055,346.1048455754989,342.72015362360423,1.1211827746599834,1.1107955393396687,1.1350293530525346,1.1243632510144927,26.241002221603853,"331.98 - 340.73",138,,,,,,,,,,,,,,,,,,,,,,,336.35483239799504,333.23866180190055,346.1048455754989,342.72015362360423,1.1211827746599834,1.1107955393396687,1.1350293530525346,1.1243632510144927,26.241002221603853,"331.98 - 340.73",138,,,,,,,,,,,,,,,,,,,,,,,,,,,,,,,,,,,,,,,,,,,,,,,,,,,,,,,,,,,,,,,,,,,,,,,,,,,,,,,,,,,,,,,,,,,,,,,,,,,
400,449.19141807167364,449.19141807167364,467.0161907555555,467.0161907555555,1.1229785451791843,1.122978545179184,1.1361549650549452,1.136154965054945,54.28498521066051,"438.04 - 460.35",91,,,,,,,,,,,,,,,,,,,,,,,449.19141807167364,449.19141807167364,467.0161907555555,467.0161907555555,1.1229785451791843,1.122978545179184,1.1361549650549452,1.136154965054945,54.28498521066051,"438.04 - 460.35",91,,,,,,,,,,,,,,,,,,,,,,,,,,,,,,,,,,,,,,,,,,,,,,,,,,,,,,,,,,,,,,,,,,,,,,,,,,,,,,,,,,,,,,,,,,,,,,,,,,,
500,541.4730937665615,541.4730937665615,566.2779451666667,566.2779451666667,1.0829461875331232,1.0829461875331232,1.0973592347906975,1.0973592347906977,54.627613872317596,"525.15 - 557.8",43,,,,,,,,,,,,469.4980774461424,448.2859546934792,457.46320006508716,418.61096940151515,0.9389961548922848,0.8965719093869584,0.9428734699112598,0.8967609832761905,86.0472151907981,"457.86 - 481.14",210,479.8662604303344,464.12408504977384,473.13823907541274,443.7085186422326,0.9597325208606688,0.9282481700995476,0.9651275347327564,0.9308547572490118,88.70179821558256,"468.94 - 490.8",253,,,,,,,,,,,,,,,,,,,,,,,,,,,,,,,,,,,,,,,,,,,,,,,,,,,,,,,,,,,,,,,,,,,,,,,,,,,,,,,,,,,,,,,,,,,,,,,,,,,
Total,,,,,,,,,,,,,,,,,,,,,,,,,,,,,,,,,,,,,,,,,,,,,,,,,,,,,,,,,,,,,,,,,,,,,,,,,,,,,,,,,,,,,,,,,,,,,,,,,,,,,,,,,,,,,,,,,,,,,,,,,,,,,,,,,,,,,,,,,,,,,,,
