"Consistent speed Download 80/80",,,,,,,,,,,,,,,,,,,,,,,,,,,,,,,,,,,,,,,,,,,,,,,,,,,,,,,,,,,,,,,,,,,,,,,,,,,,,,,,,,,,,,,,,,,
Peak,,,,,,,,,,,,,,,,,,,,,,,,,,,,,,,,,,,,,,,,,,,,,,,,,,,,,,,,,,,,,,,,,,,,,,,,,,,,,,,,,,,,,,,,,,,
,CenturyLink,,,,,,,"Cincinnati Bell DSL",,,,,,,"Frontier DSL",,,,,,,Windstream,,,,,,,Charter,,,,,,,Comcast,,,,,,,Cox,,,,,,,Mediacom,,,,,,,Optimum,,,,,,,"Cincinnati Bell Fiber",,,,,,,"Frontier Fiber",,,,,,,Verizon,,,,,,,Total,,,,,,
"Tier (Mbps)","Consistent Speed","C.S. % Advertised",Median,Mode,"Standard Error of Mean","Standard Deviation","Unweighted Valid N","Consistent Speed","C.S. % Advertised",Median,Mode,"Standard Error of Mean","Standard Deviation","Unweighted Valid N","Consistent Speed","C.S. % Advertised",Median,Mode,"Standard Error of Mean","Standard Deviation","Unweighted Valid N","Consistent Speed","C.S. % Advertised",Median,Mode,"Standard Error of Mean","Standard Deviation","Unweighted Valid N","Consistent Speed","C.S. % Advertised",Median,Mode,"Standard Error of Mean","Standard Deviation","Unweighted Valid N","Consistent Speed","C.S. % Advertised",Median,Mode,"Standard Error of Mean","Standard Deviation","Unweighted Valid N","Consistent Speed","C.S. % Advertised",Median,Mode,"Standard Error of Mean","Standard Deviation","Unweighted Valid N","Consistent Speed","C.S. % Advertised",Median,Mode,"Standard Error of Mean","Standard Deviation","Unweighted Valid N","Consistent Speed","C.S. % Advertised",Median,Mode,"Standard Error of Mean","Standard Deviation","Unweighted Valid N","Consistent Speed","C.S. % Advertised",Median,Mode,"Standard Error of Mean","Standard Deviation","Unweighted Valid N","Consistent Speed","C.S. % Advertised",Median,Mode,"Standard Error of Mean","Standard Deviation","Unweighted Valid N","Consistent Speed","C.S. % Advertised",Median,Mode,"Standard Error of Mean","Standard Deviation","Unweighted Valid N","Consistent Speed","C.S. % Advertised",Median,Mode,"Standard Error of Mean","Standard Deviation","Unweighted Valid N"
1.5,0.86061152,0.5737410133333333,1.1429824,1.8441903999999998,0.26991431851760317,0.26991431851760317,65,,,,,,,,,,,,,,,,,,,,,,,,,,,,,,,,,,,,,,,,,,,,,,,,,,,,,,,,,,,,,,,,,,,,,,,,,,,,,,0.86061152,0.5737410133333333,1.1429824,1.8441903999999998,0.26991431851760317,0.26991431851760317,65
3,1.9780864,0.6593621333333334,2.568656,4.056848,0.7908498271208876,0.7908498271208876,50,,,,,,,,,,,,,,,,,,,,,,,,,,,,,,,,,,,,,,,,,,,,,,,,,,,,,,,,,,,,,,,,,,,,,,,,,,,,,,1.9780864,0.6593621333333334,2.568656,4.056848,0.7908498271208876,0.7908498271208876,50
5,,,,,,,,2.3377756800000005,0.4675551360000001,3.7685999999999997,4.767448,1.162201596016863,1.162201596016863,49,,,,,,,,,,,,,,,,,,,,,,,,,,,,,,,,,,,,,,,,,,,,,,,,,,,,,,,,,,,,,,,,,,,,,,,2.3377756800000005,0.4675551360000001,3.7685999999999997,4.767448,1.162201596016863,1.162201596016863,49
10,7.637643199999999,0.7637643199999999,8.7626688,8.641072000000001,1.6250905654962906,1.6250905654962906,71,,,,,,,,,,,,,,,8.07372384,0.8073723839999998,9.213168,9.111243199999999,2.0239636526047238,2.0239636526047238,55,,,,,,,,,,,,,,,,,,,,,,,,,,,,,,,,,,,,,,,,,,,,,,,,,,,,,,,,,7.6652591999999995,0.76652592,9.081307199999998,9.111243199999999,1.808897012442832,1.808897012442832,126
12,9.07533408,0.7562778399999999,11.585936,12.9086496,3.042800262657342,3.042800262657342,65,,,,,,,,9.037704,0.753142,11.0764424,14.9000032,2.949835706432823,2.949835706432823,66,10.7081008,0.8923417333333332,12.1426912,13.995496,1.6882927619249433,1.6882927619249433,50,,,,,,,,,,,,,,,,,,,,,,,,,,,,,,,,,,,,,,,,,,,,,,,,,,,,,,,,,9.4035248,0.7836270666666666,11.489057599999999,12.9086496,2.697145938914293,2.697145938914293,181
15,,,,,,,,,,,,,,,,,,,,,,13.55895616,0.9039304106666667,15.7945472,17.5308624,2.0221371977174853,2.0221371977174853,45,,,,,,,,,,,,,,,,,,,,,,,,,,,,,,,,,,,,,,,,,,,,,,,,,,,,,,,,,13.55895616,0.9039304106666667,15.7945472,17.5308624,2.0221371977174853,2.0221371977174853,45
18,,,,,,,,,,,,,,,14.87567456,0.8264263644444445,16.725628800000003,22.648464,3.0083764204908485,3.0083764204908485,44,,,,,,,,,,,,,,,,,,,,,,,,,,,,,,,,,,,,,,,,,,,,,,,,,,,,,,,,,,,,,,,,14.87567456,0.8264263644444445,16.725628800000003,22.648464,3.0083764204908485,3.0083764204908485,44
20,15.883451200000001,0.79417256,18.4306336,19.8830512,3.0540488221665334,3.0540488221665334,57,,,,,,,,,,,,,,,,,,,,,,,,,,,,,,,,,,,,,,,,,,,,,,,,,,,,,,,,,,,,,,,,,,,,,,,,,,,,,,15.883451200000001,0.79417256,18.4306336,19.8830512,3.0540488221665334,3.0540488221665334,57
25,19.841103999999998,0.7936441599999999,23.1744608,27.137712,3.5041549697262284,3.5041549697262284,86,,,,,,,,,,,,,,,21.111460800000003,0.8444584320000001,24.252992,24.903739199999997,3.1440993557136556,3.1440993557136556,56,,,,,,,,26.9448448,1.0777937919999998,28.834051199999998,29.7367888,1.9183401506217872,1.9183401506217872,57,,,,,,,,,,,,,,,,,,,,,,,,,,,,,,,,,,,,,,,,,,,21.492886079999998,0.8597154431999999,24.5968272,24.903739199999997,3.8922443548765107,3.8922443548765107,199
40,35.773702400000005,0.8943425600000001,39.652252,44.715992,5.589735053967725,5.589735053967725,56,,,,,,,,,,,,,,,,,,,,,,,,,,,,,,,,,,,,,,,,,,,,,,,,,,,,,,,,,,,,,,,,,,,,,,,,,,,,,,35.773702400000005,0.8943425600000001,39.652252,44.715992,5.589735053967725,5.589735053967725,56
50,,,,,,,,35.34995008,0.7069990016,39.896384,45.5132912,8.367105123114722,8.367105123114722,47,,,,,,,,,,,,,,,,,,,,,,,,,,,,,54.88505376,1.0977010751999998,58.2468224,59.524136,5.278355165444919,5.278355165444919,58,,,,,,,,,,,,,,,,,,,,,,,,,,,,,55.038216000000006,1.1007643200000001,56.8383488,57.28212,1.8974656717877685,1.8974656717877685,39,41.2398976,0.824797952,55.7543424,57.28212,9.621813433134804,9.621813433134804,144
60,,,,,,,,,,,,,,,,,,,,,,,,,,,,,,,,,,,,,,,,,,,,,,,,,,71.99773280000001,1.1999622133333334,79.1260776,78.718256,13.454407283332944,13.454407283332944,40,,,,,,,,,,,,,,,,,,,,,,,,,,,,,71.99773280000001,1.1999622133333334,79.1260776,78.718256,13.454407283332944,13.454407283332944,40
75,,,,,,,,,,,,,,,,,,,,,,,,,,,,,,,,,,,,83.12680576,1.1083574101333333,86.82163599999998,89.1599488,3.7482765173218033,3.7482765173218033,42,,,,,,,,,,,,,,,,,,,,,,,,,,,,,74.62321664,0.9949762218666667,80.862008,82.7867728,5.907993949953935,5.907993949953935,53,77.71945472,1.0362593962666664,81.67015040000001,84.47733439999999,2.4231575170460617,2.4231575170460617,40,78.14444512,1.0419259349333332,81.91046399999999,84.47733439999999,5.379994191539069,5.379994191539069,135
80,71.15458336,0.889432292,75.478432,92.066952,7.910579623530991,7.910579623530991,83,,,,,,,,,,,,,,,,,,,,,,,,,,,,,,,,,,,,,,,,,,,,,,,,,,,,,,,,,,,,,,,,,,,,,,,,,,,,,,71.15458336,0.889432292,75.478432,92.066952,7.910579623530991,7.910579623530991,83
100,89.42274656,0.8942274656,96.08387119999999,102.9374976,7.576289677369582,7.576289677369582,42,,,,,,,,,,,,,,,,,,,,,,109.93446912,1.0993446912000002,113.7252976,139.5940096,10.158312443950752,10.158312443950752,55,109.02263839999999,1.090226384,117.11254,118.795232,8.76751065842412,8.76751065842412,58,,,,,,,,125.65303839999999,1.256530384,129.8698672,133.2364,8.230997473057775,8.230997473057775,41,107.30310496,1.0730310496,113.908712,115.321984,4.2198129271122955,4.2198129271122955,38,,,,,,,,93.90273119999999,0.9390273119999999,97.58879999999999,98.752112,3.6516863007726537,3.6516863007726537,41,95.67638559999999,0.9567638559999999,99.15356799999999,99.929968,2.3759410182789997,2.3759410182789997,77,97.22897216,0.9722897215999999,103.9929728,102.9374976,12.51296778289582,12.51296778289582,352
150,,,,,,,,,,,,,,,,,,,,,,,,,,,,,,,,,,,,,,,,,,,146.804192,0.9786946133333333,168.20311999999998,176.0719632,17.147786700339843,17.147786700339843,46,,,,,,,,,,,,,,,,,,,,,,,,,,,,,,,,,,,,146.804192,0.9786946133333333,168.20311999999998,176.0719632,17.147786700339843,17.147786700339843,46
175,,,,,,,,,,,,,,,,,,,,,,,,,,,,,,,,,,,,195.74183327999998,1.1185247615999998,204.57243839999998,207.34130399999998,14.57659933851153,14.57659933851153,38,,,,,,,,,,,,,,,,,,,,,,,,,,,,,,,,,,,,,,,,,,,195.74183327999998,1.1185247615999998,204.57243839999998,207.34130399999998,14.57659933851153,14.57659933851153,38
200,,,,,,,,,,,,,,,,,,,,,,,,,,,,,212.85790304,1.0642895152,228.85924,233.769744,33.25218250391074,33.25218250391074,84,214.15122399999998,1.07075612,233.9360648,238.05388159999998,15.943939698095399,15.943939698095399,66,,,,,,,,211.060736,1.05530368,246.22329599999998,266.56122239999996,42.13592306160456,42.13592306160456,51,182.81159200000002,0.91405796,216.16511839999998,227.9037472,27.044283094077212,27.044283094077212,58,,,,,,,,,,,,,,,,,,,,,,208.8987632,1.044493816,227.699528,227.9037472,31.881188352837732,31.881188352837732,259
250,,,,,,,,,,,,,,,,,,,,,,,,,,,,,,,,,,,,,,,,,,,,,,,,,,,,,,,,,,,,,,,,267.90783872,1.0716313548799998,271.66658240000004,272.24243839999997,14.729540583181192,14.729540583181192,42,,,,,,,,,,,,,,,267.90783872,1.0716313548799998,271.66658240000004,272.24243839999997,14.729540583181192,14.729540583181192,42
300,,,,,,,,,,,,,,,,,,,,,,,,,,,,,,,,,,,,336.32036959999994,1.1210678986666665,354.22582719999997,351.01040159999997,33.364048978559445,33.364048978559445,60,292.97085472,0.9765695157333332,323.89684,343.5286672,35.21713789953635,35.21713789953635,39,,,,,,,,286.87679135999997,0.9562559711999999,314.60560639999994,342.83534399999996,42.58530288208985,42.58530288208985,38,,,,,,,,,,,,,,,,,,,,,,300.29355648,1.0009785216,334.416728,342.83534399999996,39.67116285833587,39.67116285833587,137
400,,,,,,,,,,,,,,,,,,,,,,,,,,,,,428.61551424000004,1.0715387856,457.071928,477.2896368,60.48991574521457,60.48991574521457,90,,,,,,,,,,,,,,,,,,,,,,,,,,,,,,,,,,,,,,,,,,,,,,,,,,428.61551424000004,1.0715387856,457.071928,477.2896368,60.48991574521457,60.48991574521457,90
500,,,,,,,,,,,,,,,,,,,,,,,,,,,,,,,,,,,,,,,,,,,,,,,,,,520.64251072,1.04128502144,560.6288256,571.2349712,82.70514235483127,82.70514235483127,43,,,,,,,,323.04663904,0.6460932780799999,347.78230239999994,545.901296,103.74292104585466,103.74292104585466,139,490.17783104,0.98035566208,500.8995688,569.088696,65.35316581454383,65.35316581454383,68,,,,,,,,334.81881568,0.6696376313599999,498.11902799999996,569.088696,102.19766624092576,102.19766624092576,250
Total,,,,,,,,,,,,,,,,,,,,,,,,,,,,,,,,,,,,,,,,,,,,,,,,,,,,,,,,,,,,,,,,,,,,,,,,,,,,,,,,,,,,,,,,,,,
"Consistent speed Download 80/80",,,,,,,,,,,,,,,,,,,,,,,,,,,,,,,,,,,,,,,,,,,,,,,,,,,,,,,,,,,,,,,,,,,,,,,,,,,,,,,,,,,,,,,,,,,
Offpeak,,,,,,,,,,,,,,,,,,,,,,,,,,,,,,,,,,,,,,,,,,,,,,,,,,,,,,,,,,,,,,,,,,,,,,,,,,,,,,,,,,,,,,,,,,,
,CenturyLink,,,,,,,"Cincinnati Bell DSL",,,,,,,"Frontier DSL",,,,,,,Windstream,,,,,,,Charter,,,,,,,Comcast,,,,,,,Cox,,,,,,,Mediacom,,,,,,,Optimum,,,,,,,"Cincinnati Bell Fiber",,,,,,,"Frontier Fiber",,,,,,,Verizon,,,,,,,Total,,,,,,
"Tier (Mbps)","Consistent Speed","C.S. % Advertised",Median,Mode,"Standard Error of Mean","Standard Deviation","Unweighted Valid N","Consistent Speed","C.S. % Advertised",Median,Mode,"Standard Error of Mean","Standard Deviation","Unweighted Valid N","Consistent Speed","C.S. % Advertised",Median,Mode,"Standard Error of Mean","Standard Deviation","Unweighted Valid N","Consistent Speed","C.S. % Advertised",Median,Mode,"Standard Error of Mean","Standard Deviation","Unweighted Valid N","Consistent Speed","C.S. % Advertised",Median,Mode,"Standard Error of Mean","Standard Deviation","Unweighted Valid N","Consistent Speed","C.S. % Advertised",Median,Mode,"Standard Error of Mean","Standard Deviation","Unweighted Valid N","Consistent Speed","C.S. % Advertised",Median,Mode,"Standard Error of Mean","Standard Deviation","Unweighted Valid N","Consistent Speed","C.S. % Advertised",Median,Mode,"Standard Error of Mean","Standard Deviation","Unweighted Valid N","Consistent Speed","C.S. % Advertised",Median,Mode,"Standard Error of Mean","Standard Deviation","Unweighted Valid N","Consistent Speed","C.S. % Advertised",Median,Mode,"Standard Error of Mean","Standard Deviation","Unweighted Valid N","Consistent Speed","C.S. % Advertised",Median,Mode,"Standard Error of Mean","Standard Deviation","Unweighted Valid N","Consistent Speed","C.S. % Advertised",Median,Mode,"Standard Error of Mean","Standard Deviation","Unweighted Valid N","Consistent Speed","C.S. % Advertised",Median,Mode,"Standard Error of Mean","Standard Deviation","Unweighted Valid N"
1.5,1.05976384,0.7065092266666667,1.1827584,1.8468719999999998,0.19189592592950522,0.19189592592950522,65,,,,,,,,,,,,,,,,,,,,,,,,,,,,,,,,,,,,,,,,,,,,,,,,,,,,,,,,,,,,,,,,,,,,,,,,,,,,,,1.05976384,0.7065092266666667,1.1827584,1.8468719999999998,0.19189592592950522,0.19189592592950522,65
3,2.2083072,0.7361024,2.7550096,5.0222048,0.8202004882587296,0.8202004882587296,50,,,,,,,,,,,,,,,,,,,,,,,,,,,,,,,,,,,,,,,,,,,,,,,,,,,,,,,,,,,,,,,,,,,,,,,,,,,,,,2.2083072,0.7361024,2.7550096,5.0222048,0.8202004882587296,0.8202004882587296,50
5,,,,,,,,2.49418656,0.49883731200000003,4.1426624,4.7707999999999995,1.1366585592327572,1.1366585592327572,49,,,,,,,,,,,,,,,,,,,,,,,,,,,,,,,,,,,,,,,,,,,,,,,,,,,,,,,,,,,,,,,,,,,,,,,2.49418656,0.49883731200000003,4.1426624,4.7707999999999995,1.1366585592327572,1.1366585592327572,49
10,8.290820159999999,0.829082016,9.565083999999999,9.240846399999999,1.1957497027376274,1.1957497027376274,72,,,,,,,,,,,,,,,8.51721632,0.851721632,9.858697600000001,10.4242032,1.972038250698563,1.972038250698563,55,,,,,,,,,,,,,,,,,,,,,,,,,,,,,,,,,,,,,,,,,,,,,,,,,,,,,,,,,8.3173008,0.8317300799999999,9.60196,10.4242032,1.5764028786930464,1.5764028786930464,127
12,9.95014496,0.8291787466666667,11.943296,12.9207664,2.4990966034467554,2.4990966034467554,65,,,,,,,,10.16268,0.84689,11.351115199999999,14.927664,2.577503768882153,2.577503768882153,66,11.44940864,0.9541173866666667,12.4600216,14.0241632,1.6004398413656784,1.6004398413656784,50,,,,,,,,,,,,,,,,,,,,,,,,,,,,,,,,,,,,,,,,,,,,,,,,,,,,,,,,,10.2520048,0.8543337333333333,12.2047728,12.9207664,2.3101441438160637,2.3101441438160637,181
15,,,,,,,,,,,,,,,,,,,,,,14.42576192,0.9617174613333332,16.0154272,17.5336048,1.2455983371975505,1.2455983371975505,45,,,,,,,,,,,,,,,,,,,,,,,,,,,,,,,,,,,,,,,,,,,,,,,,,,,,,,,,,14.42576192,0.9617174613333332,16.0154272,17.5336048,1.2455983371975505,1.2455983371975505,45
18,,,,,,,,,,,,,,,15.33855616,0.8521420088888887,17.9296072,23.6316816,3.0194367958196193,3.0194367958196193,44,,,,,,,,,,,,,,,,,,,,,,,,,,,,,,,,,,,,,,,,,,,,,,,,,,,,,,,,,,,,,,,,15.33855616,0.8521420088888887,17.9296072,23.6316816,3.0194367958196193,3.0194367958196193,44
20,18.2011312,0.9100565599999999,19.718993599999997,19.90928,2.2887794739652025,2.2887794739652025,57,,,,,,,,,,,,,,,,,,,,,,,,,,,,,,,,,,,,,,,,,,,,,,,,,,,,,,,,,,,,,,,,,,,,,,,,,,,,,,18.2011312,0.9100565599999999,19.718993599999997,19.90928,2.2887794739652025,2.2887794739652025,57
25,21.9134032,0.8765361279999999,23.779639999999997,27.316599999999998,2.374200740031184,2.374200740031184,87,,,,,,,,,,,,,,,22.268396799999998,0.8907358719999999,25.27834,25.695263999999998,2.7972917286162335,2.7972917286162335,56,,,,,,,,28.17639456,1.1270557823999998,29.4764368,29.738823999999997,3.7798450179140017,3.7798450179140017,57,,,,,,,,,,,,,,,,,,,,,,,,,,,,,,,,,,,,,,,,,,,22.832898240000002,0.9133159296,24.8436712,25.695263999999998,3.682144107629175,3.682144107629175,200
40,36.810460799999994,0.9202615199999998,40.326565599999995,46.360888,4.5461762508611265,4.5461762508611265,56,,,,,,,,,,,,,,,,,,,,,,,,,,,,,,,,,,,,,,,,,,,,,,,,,,,,,,,,,,,,,,,,,,,,,,,,,,,,,,36.810460799999994,0.9202615199999998,40.326565599999995,46.360888,4.5461762508611265,4.5461762508611265,56
50,,,,,,,,38.33213472,0.7666426944,41.746399999999994,45.5204176,7.682283483995133,7.682283483995133,47,,,,,,,,,,,,,,,,,,,,,,,,,,,,,57.40252384,1.1480504768,59.2541672,59.6434976,5.3635605562053525,5.3635605562053525,58,,,,,,,,,,,,,,,,,,,,,,,,,,,,,56.72186752,1.1344373504000003,56.9032464,57.221695999999994,1.5258772055192327,1.5258772055192327,39,42.64406912,0.8528813823999999,56.896633599999994,57.221695999999994,8.89519958209268,8.89519958209268,144
60,,,,,,,,,,,,,,,,,,,,,,,,,,,,,,,,,,,,,,,,,,,,,,,,,,76.87909567999999,1.2813182613333334,79.4405768,78.500496,10.543365920441284,10.543365920441284,40,,,,,,,,,,,,,,,,,,,,,,,,,,,,,76.87909567999999,1.2813182613333334,79.4405768,78.500496,10.543365920441284,10.543365920441284,40
75,,,,,,,,,,,,,,,,,,,,,,,,,,,,,,,,,,,,86.49929408000001,1.1533239210666666,88.519796,89.15100799999999,5.111360253310701,5.111360253310701,42,,,,,,,,,,,,,,,,,,,,,,,,,,,,,79.41768672,1.0589024895999999,81.5535136,82.8016528,2.5578855329720325,2.5578855329720325,53,80.81797696,1.0775730261333334,81.9190496,82.32275519999999,1.281738207100538,1.281738207100538,40,80.65669535999999,1.0754226048,82.08914719999999,82.32275519999999,4.4227662832217325,4.4227662832217325,135
80,72.93789568,0.911723696,78.62546719999999,91.15495680000001,5.777557823769981,5.777557823769981,83,,,,,,,,,,,,,,,,,,,,,,,,,,,,,,,,,,,,,,,,,,,,,,,,,,,,,,,,,,,,,,,,,,,,,,,,,,,,,,72.93789568,0.911723696,78.62546719999999,91.15495680000001,5.777557823769981,5.777557823769981,83
100,90.44790144,0.9044790144,96.94041039999999,104.172552,7.628786714802025,7.628786714802025,42,,,,,,,,,,,,,,,,,,,,,,112.97852352,1.1297852352,114.262408,135.7823472,4.265876734812896,4.265876734812896,55,115.05173855999999,1.1505173856,118.4069576,118.9636064,8.664329899076478,8.664329899076478,58,,,,,,,,128.7996848,1.287996848,132.09252479999998,133.26947359999997,6.083552048045276,6.083552048045276,41,111.73487168,1.1173487168,114.18840879999999,115.35029759999999,3.7172171654949286,3.7172171654949286,38,,,,,,,,96.97362559999999,0.9697362559999999,99.04985919999999,101.1236512,2.136408061967351,2.136408061967351,41,98.2101264,0.982101264,99.687364,99.95646880000001,1.5679511845655858,1.5679511845655858,78,98.79821856,0.9879821855999998,105.50465919999999,104.172552,12.238285063596718,12.238285063596718,353
150,,,,,,,,,,,,,,,,,,,,,,,,,,,,,,,,,,,,,,,,,,,147.00431712,0.9800287808000001,172.1484768,178.6445984,15.555228320481964,15.555228320481964,47,,,,,,,,,,,,,,,,,,,,,,,,,,,,,,,,,,,,147.00431712,0.9800287808000001,172.1484768,178.6445984,15.555228320481964,15.555228320481964,47
175,,,,,,,,,,,,,,,,,,,,,,,,,,,,,,,,,,,,200.625112,1.1464292114285715,207.0341184,208.32183519999998,18.52056025412213,18.52056025412213,39,,,,,,,,,,,,,,,,,,,,,,,,,,,,,,,,,,,,,,,,,,,200.625112,1.1464292114285715,207.0341184,208.32183519999998,18.52056025412213,18.52056025412213,39
200,,,,,,,,,,,,,,,,,,,,,,,,,,,,,227.18150592,1.1359075296,231.9811832,234.05064,21.518767213578446,21.518767213578446,84,225.69482719999996,1.128474136,236.8565128,238.0442992,10.088520961154563,10.088520961154563,66,,,,,,,,218.470416,1.09235208,261.3368048,266.6275728,38.14955579709666,38.14955579709666,51,202.07645792,1.0103822895999999,222.04052719999999,228.52779039999996,25.210543812240896,25.210543812240896,58,,,,,,,,,,,,,,,,,,,,,,218.4188896,1.0920944479999999,231.475208,228.52779039999996,26.405364900143326,26.405364900143326,259
250,,,,,,,,,,,,,,,,,,,,,,,,,,,,,,,,,,,,,,,,,,,,,,,,,,,,,,,,,,,,,,,,271.00383424,1.0840153369599999,272.0723488,272.2852576,14.523736327145958,14.523736327145958,42,,,,,,,,,,,,,,,271.00383424,1.0840153369599999,272.0723488,272.2852576,14.523736327145958,14.523736327145958,42
300,,,,,,,,,,,,,,,,,,,,,,,,,,,,,,,,,,,,344.66907008,1.1488969002666667,355.13675119999994,353.1362768,38.836739805601084,38.836739805601084,60,292.78145536,0.9759381845333334,326.637976,349.7297536,33.72520618286688,33.72520618286688,39,,,,,,,,294.0884928,0.9802949759999999,326.6183872,342.829904,31.092062863086575,31.092062863086575,39,,,,,,,,,,,,,,,,,,,,,,300.79138944,1.0026379648,340.5307776,342.829904,37.165984316518035,37.165984316518035,138
400,,,,,,,,,,,,,,,,,,,,,,,,,,,,,450.628424,1.12657106,470.2320304,479.1562704,61.7764992953144,61.7764992953144,91,,,,,,,,,,,,,,,,,,,,,,,,,,,,,,,,,,,,,,,,,,,,,,,,,,450.628424,1.12657106,470.2320304,479.1562704,61.7764992953144,61.7764992953144,91
500,,,,,,,,,,,,,,,,,,,,,,,,,,,,,,,,,,,,,,,,,,,,,,,,,,526.40248768,1.05280497536,566.2326208,571.20736,62.66458357979226,62.66458357979226,43,,,,,,,,322.91666399999997,0.6458333279999999,342.1242832,545.9664336,106.04189754069901,106.04189754069901,141,495.48288511999993,0.9909657702399999,502.24812479999997,569.0502128,61.57339550886966,61.57339550886966,69,,,,,,,,332.03424192,0.66406848384,499.292448,569.0502128,102.80222526641099,102.80222526641099,253
Total,,,,,,,,,,,,,,,,,,,,,,,,,,,,,,,,,,,,,,,,,,,,,,,,,,,,,,,,,,,,,,,,,,,,,,,,,,,,,,,,,,,,,,,,,,,
"Consistent speed Download 80/80",,,,,,,,,,,,,,,,,,,,,,,,,,,,,,,,,,,,,,,,,,,,,,,,,,,,,,,,,,,,,,,,,,,,,,,,,,,,,,,,,,,,,,,,,,,
Weekend,,,,,,,,,,,,,,,,,,,,,,,,,,,,,,,,,,,,,,,,,,,,,,,,,,,,,,,,,,,,,,,,,,,,,,,,,,,,,,,,,,,,,,,,,,,
,CenturyLink,,,,,,,"Cincinnati Bell DSL",,,,,,,"Frontier DSL",,,,,,,Windstream,,,,,,,Charter,,,,,,,Comcast,,,,,,,Cox,,,,,,,Mediacom,,,,,,,Optimum,,,,,,,"Cincinnati Bell Fiber",,,,,,,"Frontier Fiber",,,,,,,Verizon,,,,,,,Total,,,,,,
"Tier (Mbps)","Consistent Speed","C.S. % Advertised",Median,Mode,"Standard Error of Mean","Standard Deviation","Unweighted Valid N","Consistent Speed","C.S. % Advertised",Median,Mode,"Standard Error of Mean","Standard Deviation","Unweighted Valid N","Consistent Speed","C.S. % Advertised",Median,Mode,"Standard Error of Mean","Standard Deviation","Unweighted Valid N","Consistent Speed","C.S. % Advertised",Median,Mode,"Standard Error of Mean","Standard Deviation","Unweighted Valid N","Consistent Speed","C.S. % Advertised",Median,Mode,"Standard Error of Mean","Standard Deviation","Unweighted Valid N","Consistent Speed","C.S. % Advertised",Median,Mode,"Standard Error of Mean","Standard Deviation","Unweighted Valid N","Consistent Speed","C.S. % Advertised",Median,Mode,"Standard Error of Mean","Standard Deviation","Unweighted Valid N","Consistent Speed","C.S. % Advertised",Median,Mode,"Standard Error of Mean","Standard Deviation","Unweighted Valid N","Consistent Speed","C.S. % Advertised",Median,Mode,"Standard Error of Mean","Standard Deviation","Unweighted Valid N","Consistent Speed","C.S. % Advertised",Median,Mode,"Standard Error of Mean","Standard Deviation","Unweighted Valid N","Consistent Speed","C.S. % Advertised",Median,Mode,"Standard Error of Mean","Standard Deviation","Unweighted Valid N","Consistent Speed","C.S. % Advertised",Median,Mode,"Standard Error of Mean","Standard Deviation","Unweighted Valid N","Consistent Speed","C.S. % Advertised",Median,Mode,"Standard Error of Mean","Standard Deviation","Unweighted Valid N"
1.5,1.0652272,0.7101514666666667,1.183864,1.8352544,0.205571059485022,0.205571059485022,65,,,,,,,,,,,,,,,,,,,,,,,,,,,,,,,,,,,,,,,,,,,,,,,,,,,,,,,,,,,,,,,,,,,,,,,,,,,,,,1.0652272,0.7101514666666667,1.183864,1.8352544,0.205571059485022,0.205571059485022,65
3,2.09530976,0.6984365866666666,2.6287447999999998,5.0416336,0.9690886014157081,0.9690886014157081,50,,,,,,,,,,,,,,,,,,,,,,,,,,,,,,,,,,,,,,,,,,,,,,,,,,,,,,,,,,,,,,,,,,,,,,,,,,,,,,2.09530976,0.6984365866666666,2.6287447999999998,5.0416336,0.9690886014157081,0.9690886014157081,50
5,,,,,,,,2.4256240000000004,0.48512480000000013,4.1536176,4.7708032,1.1553581409617906,1.1553581409617906,49,,,,,,,,,,,,,,,,,,,,,,,,,,,,,,,,,,,,,,,,,,,,,,,,,,,,,,,,,,,,,,,,,,,,,,,2.4256240000000004,0.48512480000000013,4.1536176,4.7708032,1.1553581409617906,1.1553581409617906,49
10,7.7141855999999995,0.7714185599999999,9.569779999999998,9.305864,1.7531924101971272,1.7531924101971272,72,,,,,,,,,,,,,,,8.282214399999999,0.82822144,10.299584,9.607135999999999,1.7429492829689064,1.7429492829689064,55,,,,,,,,,,,,,,,,,,,,,,,,,,,,,,,,,,,,,,,,,,,,,,,,,,,,,,,,,7.96621472,0.796621472,9.603088,9.607135999999999,1.7668662814354428,1.7668662814354428,127
12,9.76014432,0.81334536,11.949423999999999,12.925537599999998,2.4877575096283353,2.4877575096283353,65,,,,,,,,10.1793296,0.8482774666666667,11.309795999999999,14.926768,2.6990875965393544,2.6990875965393544,66,11.371848,0.947654,12.567200799999998,14.0066448,1.8358720372017017,1.8358720372017017,50,,,,,,,,,,,,,,,,,,,,,,,,,,,,,,,,,,,,,,,,,,,,,,,,,,,,,,,,,10.1793296,0.8482774666666667,11.847696,12.925537599999998,2.399906890571224,2.399906890571224,181
15,,,,,,,,,,,,,,,,,,,,,,14.25892992,0.950595328,16.073472,17.5343808,1.2810490515575326,1.2810490515575326,45,,,,,,,,,,,,,,,,,,,,,,,,,,,,,,,,,,,,,,,,,,,,,,,,,,,,,,,,,14.25892992,0.950595328,16.073472,17.5343808,1.2810490515575326,1.2810490515575326,45
18,,,,,,,,,,,,,,,14.93711776,0.8298398755555556,17.873623199999997,23.6343936,3.156424373108425,3.156424373108425,44,,,,,,,,,,,,,,,,,,,,,,,,,,,,,,,,,,,,,,,,,,,,,,,,,,,,,,,,,,,,,,,,14.93711776,0.8298398755555556,17.873623199999997,23.6343936,3.156424373108425,3.156424373108425,44
20,17.80069376,0.890034688,19.611620799999997,19.9381024,2.223426386922467,2.223426386922467,57,,,,,,,,,,,,,,,,,,,,,,,,,,,,,,,,,,,,,,,,,,,,,,,,,,,,,,,,,,,,,,,,,,,,,,,,,,,,,,17.80069376,0.890034688,19.611620799999997,19.9381024,2.223426386922467,2.223426386922467,57
25,21.24064384,0.8496257535999999,23.355494399999998,27.115220800000003,2.781538640017544,2.781538640017544,87,,,,,,,,,,,,,,,22.1749008,0.886996032,25.173634399999997,24.8186656,2.67147370786892,2.67147370786892,56,,,,,,,,27.68583424,1.1074333695999998,29.465409599999997,29.7413424,3.807269762465645,3.807269762465645,57,,,,,,,,,,,,,,,,,,,,,,,,,,,,,,,,,,,,,,,,,,,22.224692799999996,0.8889877119999999,24.8061152,24.8186656,3.8296991575965427,3.8296991575965427,200
40,36.8657968,0.92164492,40.1237136,46.312616000000006,5.239316595925515,5.239316595925515,56,,,,,,,,,,,,,,,,,,,,,,,,,,,,,,,,,,,,,,,,,,,,,,,,,,,,,,,,,,,,,,,,,,,,,,,,,,,,,,36.8657968,0.92164492,40.1237136,46.312616000000006,5.239316595925515,5.239316595925515,56
50,,,,,,,,38.06749695999999,0.7613499391999998,41.896988799999995,45.5150352,7.6714563871084875,7.6714563871084875,47,,,,,,,,,,,,,,,,,,,,,,,,,,,,,56.9448816,1.1388976320000002,59.300596799999994,59.6462016,5.449028115809231,5.449028115809231,58,,,,,,,,,,,,,,,,,,,,,,,,,,,,,56.723508800000005,1.134470176,56.896775999999996,57.2525024,1.4777719879103086,1.4777719879103086,39,42.68514048,0.8537028096000001,56.869719999999994,57.2525024,8.873781292287275,8.873781292287275,144
60,,,,,,,,,,,,,,,,,,,,,,,,,,,,,,,,,,,,,,,,,,,,,,,,,,77.61870496,1.2936450826666668,79.39723279999998,78.822504,11.086727782183418,11.086727782183418,40,,,,,,,,,,,,,,,,,,,,,,,,,,,,,77.61870496,1.2936450826666668,79.39723279999998,78.822504,11.086727782183418,11.086727782183418,40
75,,,,,,,,,,,,,,,,,,,,,,,,,,,,,,,,,,,,86.30419904000001,1.1507226538666668,88.33516799999998,89.177848,2.14963501894698,2.14963501894698,42,,,,,,,,,,,,,,,,,,,,,,,,,,,,,78.53764,1.0471685333333332,81.764576,82.86788,2.735126080571376,2.735126080571376,53,80.90849216000001,1.0787798954666665,81.9393848,82.25410399999998,1.3773658368023454,1.3773658368023454,40,80.71906944,1.0762542592,82.1121744,82.25410399999998,3.851772831461991,3.851772831461991,135
80,71.97784192,0.8997230240000001,77.663664,90.31062399999999,7.578063997424304,7.578063997424304,83,,,,,,,,,,,,,,,,,,,,,,,,,,,,,,,,,,,,,,,,,,,,,,,,,,,,,,,,,,,,,,,,,,,,,,,,,,,,,,71.97784192,0.8997230240000001,77.663664,90.31062399999999,7.578063997424304,7.578063997424304,83
100,90.31972960000002,0.9031972960000001,95.47099599999999,103.6762624,7.469005746582288,7.469005746582288,42,,,,,,,,,,,,,,,,,,,,,,112.99286015999998,1.1299286015999999,114.2595344,128.3108368,3.8487512139157896,3.8487512139157896,55,114.73577247999998,1.1473577248,118.4976128,119.01859999999999,8.82034370924681,8.82034370924681,58,,,,,,,,124.5146944,1.245146944,131.4314992,133.212368,5.290520382711078,5.290520382711078,41,112.12000512,1.1212000511999998,114.3704128,115.3451808,3.0701660892037275,3.0701660892037275,38,,,,,,,,97.558832,0.97558832,98.83629440000001,101.19619039999999,2.4181444532642185,2.4181444532642185,41,97.74048736,0.9774048736000001,99.6617696,99.96403999999998,1.8053362348497153,1.8053362348497153,78,98.69936736,0.9869936735999999,108.34911199999999,103.6762624,12.142246526426158,12.142246526426158,353
150,,,,,,,,,,,,,,,,,,,,,,,,,,,,,,,,,,,,,,,,,,,147.48132512,0.9832088341333333,171.94706399999998,178.52275039999998,15.04592377775303,15.04592377775303,47,,,,,,,,,,,,,,,,,,,,,,,,,,,,,,,,,,,,147.48132512,0.9832088341333333,171.94706399999998,178.52275039999998,15.04592377775303,15.04592377775303,47
175,,,,,,,,,,,,,,,,,,,,,,,,,,,,,,,,,,,,198.99098912,1.1370913664,206.793968,208.17413439999999,12.782039103304589,12.782039103304589,39,,,,,,,,,,,,,,,,,,,,,,,,,,,,,,,,,,,,,,,,,,,198.99098912,1.1370913664,206.793968,208.17413439999999,12.782039103304589,12.782039103304589,39
200,,,,,,,,,,,,,,,,,,,,,,,,,,,,,224.07969407999997,1.1203984704,232.184172,233.9783888,20.581144119279557,20.581144119279557,84,224.807232,1.12403616,236.0870448,238.0442992,11.157071354562753,11.157071354562753,66,,,,,,,,218.782648,1.09391324,257.8053072,266.6280832,39.08657180757954,39.08657180757954,51,200.52293343999997,1.0026146672,221.0953288,228.49779999999998,25.086787934495273,25.086787934495273,58,,,,,,,,,,,,,,,,,,,,,,217.59304864,1.0879652432,231.642976,228.49779999999998,26.33465769125954,26.33465769125954,259
250,,,,,,,,,,,,,,,,,,,,,,,,,,,,,,,,,,,,,,,,,,,,,,,,,,,,,,,,,,,,,,,,271.0588144,1.0842352576,272.095944,272.1425824,14.476117613020133,14.476117613020133,41,,,,,,,,,,,,,,,271.0588144,1.0842352576,272.095944,272.1425824,14.476117613020133,14.476117613020133,41
300,,,,,,,,,,,,,,,,,,,,,,,,,,,,,,,,,,,,343.47324383999995,1.1449108128,354.94701039999995,353.4704864,40.652783088685155,40.652783088685155,60,302.02183551999997,1.0067394517333332,326.9680512,349.89698880000003,33.269178572723035,33.269178572723035,39,,,,,,,,295.75547104,0.9858515701333332,326.89915679999996,342.8299424,26.026981734919374,26.026981734919374,39,,,,,,,,,,,,,,,,,,,,,,307.66984831999997,1.0255661610666666,339.1997272,342.8299424,36.45230413313807,36.45230413313807,138
400,,,,,,,,,,,,,,,,,,,,,,,,,,,,,443.919136,1.10979784,464.3392656,479.0747456,61.62515828120299,61.62515828120299,91,,,,,,,,,,,,,,,,,,,,,,,,,,,,,,,,,,,,,,,,,,,,,,,,,,443.919136,1.10979784,464.3392656,479.0747456,61.62515828120299,61.62515828120299,91
500,,,,,,,,,,,,,,,,,,,,,,,,,,,,,,,,,,,,,,,,,,,,,,,,,,526.18275648,1.05236551296,565.1229903999999,571.2141231999999,65.26426754016254,65.26426754016254,43,,,,,,,,323.305248,0.646610496,345.1919312,546.0420832,104.60575981147431,104.60575981147431,141,494.73095295999997,0.9894619059199999,501.5048064,569.0623712,61.41629820026793,61.41629820026793,69,,,,,,,,333.81843008,0.66763686016,499.37355679999996,569.0623712,102.03785673348001,102.03785673348001,253
Total,,,,,,,,,,,,,,,,,,,,,,,,,,,,,,,,,,,,,,,,,,,,,,,,,,,,,,,,,,,,,,,,,,,,,,,,,,,,,,,,,,,,,,,,,,,
"Consistent speed Download 80/80",,,,,,,,,,,,,,,,,,,,,,,,,,,,,,,,,,,,,,,,,,,,,,,,,,,,,,,,,,,,,,,,,,,,,,,,,,,,,,,,,,,,,,,,,,,
Peak,,,,,,,,,,,,,,,,,,,,,,,,,,,,,,,,,,,,,,,,,,,,,,,,,,,,,,,,,,,,,,,,,,,,,,,,,,,,,,,,,,,,,,,,,,,
,Cable,,,,,,,DSL,,,,,,,Fiber,,,,,,,Total,,,,,,,,,,,,,,,,,,,,,,,,,,,,,,,,,,,,,,,,,,,,,,,,,,,,,,,,,,,,,,,,,,,,,
"Tier (Mbps)","Consistent Speed","C.S. % Advertised",Median,Mode,"Standard Error of Mean","Standard Deviation","Unweighted Valid N","Consistent Speed","C.S. % Advertised",Median,Mode,"Standard Error of Mean","Standard Deviation","Unweighted Valid N","Consistent Speed","C.S. % Advertised",Median,Mode,"Standard Error of Mean","Standard Deviation","Unweighted Valid N","Consistent Speed","C.S. % Advertised",Median,Mode,"Standard Error of Mean","Standard Deviation","Unweighted Valid N",,,,,,,,,,,,,,,,,,,,,,,,,,,,,,,,,,,,,,,,,,,,,,,,,,,,,,,,,,,,,,,
1.5,,,,,,,,0.86061152,0.5737410133333333,1.1429824,1.8441903999999998,0.26991431851760317,0.26991431851760317,65,,,,,,,,0.86061152,0.5737410133333333,1.1429824,1.8441903999999998,0.26991431851760317,0.26991431851760317,65,,,,,,,,,,,,,,,,,,,,,,,,,,,,,,,,,,,,,,,,,,,,,,,,,,,,,,,,,,,,,,,
3,,,,,,,,1.9780864,0.6593621333333334,2.568656,4.056848,0.7908498271208876,0.7908498271208876,50,,,,,,,,1.9780864,0.6593621333333334,2.568656,4.056848,0.7908498271208876,0.7908498271208876,50,,,,,,,,,,,,,,,,,,,,,,,,,,,,,,,,,,,,,,,,,,,,,,,,,,,,,,,,,,,,,,,
5,,,,,,,,2.3377756800000005,0.4675551360000001,3.7685999999999997,4.767448,1.162201596016863,1.162201596016863,49,,,,,,,,2.3377756800000005,0.4675551360000001,3.7685999999999997,4.767448,1.162201596016863,1.162201596016863,49,,,,,,,,,,,,,,,,,,,,,,,,,,,,,,,,,,,,,,,,,,,,,,,,,,,,,,,,,,,,,,,
10,,,,,,,,7.6652591999999995,0.76652592,9.081307199999998,9.111243199999999,1.808897012442832,1.808897012442832,126,,,,,,,,7.6652591999999995,0.76652592,9.081307199999998,9.111243199999999,1.808897012442832,1.808897012442832,126,,,,,,,,,,,,,,,,,,,,,,,,,,,,,,,,,,,,,,,,,,,,,,,,,,,,,,,,,,,,,,,
12,,,,,,,,9.4035248,0.7836270666666666,11.489057599999999,12.9086496,2.697145938914293,2.697145938914293,181,,,,,,,,9.4035248,0.7836270666666666,11.489057599999999,12.9086496,2.697145938914293,2.697145938914293,181,,,,,,,,,,,,,,,,,,,,,,,,,,,,,,,,,,,,,,,,,,,,,,,,,,,,,,,,,,,,,,,
15,,,,,,,,13.55895616,0.9039304106666667,15.7945472,17.5308624,2.0221371977174853,2.0221371977174853,45,,,,,,,,13.55895616,0.9039304106666667,15.7945472,17.5308624,2.0221371977174853,2.0221371977174853,45,,,,,,,,,,,,,,,,,,,,,,,,,,,,,,,,,,,,,,,,,,,,,,,,,,,,,,,,,,,,,,,
18,,,,,,,,14.87567456,0.8264263644444445,16.725628800000003,22.648464,3.0083764204908485,3.0083764204908485,44,,,,,,,,14.87567456,0.8264263644444445,16.725628800000003,22.648464,3.0083764204908485,3.0083764204908485,44,,,,,,,,,,,,,,,,,,,,,,,,,,,,,,,,,,,,,,,,,,,,,,,,,,,,,,,,,,,,,,,
20,,,,,,,,15.883451200000001,0.79417256,18.4306336,19.8830512,3.0540488221665334,3.0540488221665334,57,,,,,,,,15.883451200000001,0.79417256,18.4306336,19.8830512,3.0540488221665334,3.0540488221665334,57,,,,,,,,,,,,,,,,,,,,,,,,,,,,,,,,,,,,,,,,,,,,,,,,,,,,,,,,,,,,,,,
25,26.9448448,1.0777937919999998,28.834051199999998,29.7367888,1.9183401506217872,1.9183401506217872,57,20.95017888,0.8380071552,23.559815999999998,24.903739199999997,3.436085434777724,3.436085434777724,142,,,,,,,,21.492886079999998,0.8597154431999999,24.5968272,24.903739199999997,3.8922443548765107,3.8922443548765107,199,,,,,,,,,,,,,,,,,,,,,,,,,,,,,,,,,,,,,,,,,,,,,,,,,,,,,,,,,,,,,,,
40,,,,,,,,35.773702400000005,0.8943425600000001,39.652252,44.715992,5.589735053967725,5.589735053967725,56,,,,,,,,35.773702400000005,0.8943425600000001,39.652252,44.715992,5.589735053967725,5.589735053967725,56,,,,,,,,,,,,,,,,,,,,,,,,,,,,,,,,,,,,,,,,,,,,,,,,,,,,,,,,,,,,,,,
50,54.88505376,1.0977010751999998,58.2468224,59.524136,5.278355165444919,5.278355165444919,58,35.34995008,0.7069990016,39.896384,45.5132912,8.367105123114722,8.367105123114722,47,55.038216000000006,1.1007643200000001,56.8383488,57.28212,1.8974656717877685,1.8974656717877685,39,41.2398976,0.824797952,55.7543424,57.28212,9.621813433134804,9.621813433134804,144,,,,,,,,,,,,,,,,,,,,,,,,,,,,,,,,,,,,,,,,,,,,,,,,,,,,,,,,,,,,,,,
60,71.99773280000001,1.1999622133333334,79.1260776,78.718256,13.454407283332944,13.454407283332944,40,,,,,,,,,,,,,,,71.99773280000001,1.1999622133333334,79.1260776,78.718256,13.454407283332944,13.454407283332944,40,,,,,,,,,,,,,,,,,,,,,,,,,,,,,,,,,,,,,,,,,,,,,,,,,,,,,,,,,,,,,,,
75,83.12680576,1.1083574101333333,86.82163599999998,89.1599488,3.7482765173218033,3.7482765173218033,42,,,,,,,,76.556776,1.0207570133333332,81.1192336,84.47733439999999,4.828654827063553,4.828654827063553,93,78.14444512,1.0419259349333332,81.91046399999999,84.47733439999999,5.379994191539069,5.379994191539069,135,,,,,,,,,,,,,,,,,,,,,,,,,,,,,,,,,,,,,,,,,,,,,,,,,,,,,,,,,,,,,,,
80,,,,,,,,71.15458336,0.889432292,75.478432,92.066952,7.910579623530991,7.910579623530991,83,,,,,,,,71.15458336,0.889432292,75.478432,92.066952,7.910579623530991,7.910579623530991,83,,,,,,,,,,,,,,,,,,,,,,,,,,,,,,,,,,,,,,,,,,,,,,,,,,,,,,,,,,,,,,,
100,109.84355008,1.0984355008,114.94998319999999,115.321984,10.332647620762089,10.332647620762089,192,89.42274656,0.8942274656,96.08387119999999,102.9374976,7.576289677369582,7.576289677369582,42,95.4368,0.9543680000000001,98.7356024,98.752112,2.9480159112767024,2.9480159112767024,118,97.22897216,0.9722897215999999,103.9929728,102.9374976,12.51296778289582,12.51296778289582,352,,,,,,,,,,,,,,,,,,,,,,,,,,,,,,,,,,,,,,,,,,,,,,,,,,,,,,,,,,,,,,,
150,146.804192,0.9786946133333333,168.20311999999998,176.0719632,17.147786700339843,17.147786700339843,46,,,,,,,,,,,,,,,146.804192,0.9786946133333333,168.20311999999998,176.0719632,17.147786700339843,17.147786700339843,46,,,,,,,,,,,,,,,,,,,,,,,,,,,,,,,,,,,,,,,,,,,,,,,,,,,,,,,,,,,,,,,
175,195.74183327999998,1.1185247615999998,204.57243839999998,207.34130399999998,14.57659933851153,14.57659933851153,38,,,,,,,,,,,,,,,195.74183327999998,1.1185247615999998,204.57243839999998,207.34130399999998,14.57659933851153,14.57659933851153,38,,,,,,,,,,,,,,,,,,,,,,,,,,,,,,,,,,,,,,,,,,,,,,,,,,,,,,,,,,,,,,,
200,208.8987632,1.044493816,227.699528,227.9037472,31.881188352837732,31.881188352837732,259,,,,,,,,,,,,,,,208.8987632,1.044493816,227.699528,227.9037472,31.881188352837732,31.881188352837732,259,,,,,,,,,,,,,,,,,,,,,,,,,,,,,,,,,,,,,,,,,,,,,,,,,,,,,,,,,,,,,,,
250,,,,,,,,,,,,,,,267.90783872,1.0716313548799998,271.66658240000004,272.24243839999997,14.729540583181192,14.729540583181192,42,267.90783872,1.0716313548799998,271.66658240000004,272.24243839999997,14.729540583181192,14.729540583181192,42,,,,,,,,,,,,,,,,,,,,,,,,,,,,,,,,,,,,,,,,,,,,,,,,,,,,,,,,,,,,,,,
300,300.29355648,1.0009785216,334.416728,342.83534399999996,39.67116285833587,39.67116285833587,137,,,,,,,,,,,,,,,300.29355648,1.0009785216,334.416728,342.83534399999996,39.67116285833587,39.67116285833587,137,,,,,,,,,,,,,,,,,,,,,,,,,,,,,,,,,,,,,,,,,,,,,,,,,,,,,,,,,,,,,,,
400,428.61551424000004,1.0715387856,457.071928,477.2896368,60.48991574521457,60.48991574521457,90,,,,,,,,,,,,,,,428.61551424000004,1.0715387856,457.071928,477.2896368,60.48991574521457,60.48991574521457,90,,,,,,,,,,,,,,,,,,,,,,,,,,,,,,,,,,,,,,,,,,,,,,,,,,,,,,,,,,,,,,,
500,520.64251072,1.04128502144,560.6288256,571.2349712,82.70514235483127,82.70514235483127,43,,,,,,,,331.51346016,0.6630269203200001,488.11888639999995,569.088696,98.99804534274534,98.99804534274534,207,334.81881568,0.6696376313599999,498.11902799999996,569.088696,102.19766624092576,102.19766624092576,250,,,,,,,,,,,,,,,,,,,,,,,,,,,,,,,,,,,,,,,,,,,,,,,,,,,,,,,,,,,,,,,
Total,,,,,,,,,,,,,,,,,,,,,,,,,,,,,,,,,,,,,,,,,,,,,,,,,,,,,,,,,,,,,,,,,,,,,,,,,,,,,,,,,,,,,,,,,,,
"Consistent speed Download 80/80",,,,,,,,,,,,,,,,,,,,,,,,,,,,,,,,,,,,,,,,,,,,,,,,,,,,,,,,,,,,,,,,,,,,,,,,,,,,,,,,,,,,,,,,,,,
Offpeak,,,,,,,,,,,,,,,,,,,,,,,,,,,,,,,,,,,,,,,,,,,,,,,,,,,,,,,,,,,,,,,,,,,,,,,,,,,,,,,,,,,,,,,,,,,
,Cable,,,,,,,DSL,,,,,,,Fiber,,,,,,,Total,,,,,,,,,,,,,,,,,,,,,,,,,,,,,,,,,,,,,,,,,,,,,,,,,,,,,,,,,,,,,,,,,,,,,
"Tier (Mbps)","Consistent Speed","C.S. % Advertised",Median,Mode,"Standard Error of Mean","Standard Deviation","Unweighted Valid N","Consistent Speed","C.S. % Advertised",Median,Mode,"Standard Error of Mean","Standard Deviation","Unweighted Valid N","Consistent Speed","C.S. % Advertised",Median,Mode,"Standard Error of Mean","Standard Deviation","Unweighted Valid N","Consistent Speed","C.S. % Advertised",Median,Mode,"Standard Error of Mean","Standard Deviation","Unweighted Valid N",,,,,,,,,,,,,,,,,,,,,,,,,,,,,,,,,,,,,,,,,,,,,,,,,,,,,,,,,,,,,,,
1.5,,,,,,,,1.05976384,0.7065092266666667,1.1827584,1.8468719999999998,0.19189592592950522,0.19189592592950522,65,,,,,,,,1.05976384,0.7065092266666667,1.1827584,1.8468719999999998,0.19189592592950522,0.19189592592950522,65,,,,,,,,,,,,,,,,,,,,,,,,,,,,,,,,,,,,,,,,,,,,,,,,,,,,,,,,,,,,,,,
3,,,,,,,,2.2083072,0.7361024,2.7550096,5.0222048,0.8202004882587296,0.8202004882587296,50,,,,,,,,2.2083072,0.7361024,2.7550096,5.0222048,0.8202004882587296,0.8202004882587296,50,,,,,,,,,,,,,,,,,,,,,,,,,,,,,,,,,,,,,,,,,,,,,,,,,,,,,,,,,,,,,,,
5,,,,,,,,2.49418656,0.49883731200000003,4.1426624,4.7707999999999995,1.1366585592327572,1.1366585592327572,49,,,,,,,,2.49418656,0.49883731200000003,4.1426624,4.7707999999999995,1.1366585592327572,1.1366585592327572,49,,,,,,,,,,,,,,,,,,,,,,,,,,,,,,,,,,,,,,,,,,,,,,,,,,,,,,,,,,,,,,,
10,,,,,,,,8.3173008,0.8317300799999999,9.60196,10.4242032,1.5764028786930464,1.5764028786930464,127,,,,,,,,8.3173008,0.8317300799999999,9.60196,10.4242032,1.5764028786930464,1.5764028786930464,127,,,,,,,,,,,,,,,,,,,,,,,,,,,,,,,,,,,,,,,,,,,,,,,,,,,,,,,,,,,,,,,
12,,,,,,,,10.2520048,0.8543337333333333,12.2047728,12.9207664,2.3101441438160637,2.3101441438160637,181,,,,,,,,10.2520048,0.8543337333333333,12.2047728,12.9207664,2.3101441438160637,2.3101441438160637,181,,,,,,,,,,,,,,,,,,,,,,,,,,,,,,,,,,,,,,,,,,,,,,,,,,,,,,,,,,,,,,,
15,,,,,,,,14.42576192,0.9617174613333332,16.0154272,17.5336048,1.2455983371975505,1.2455983371975505,45,,,,,,,,14.42576192,0.9617174613333332,16.0154272,17.5336048,1.2455983371975505,1.2455983371975505,45,,,,,,,,,,,,,,,,,,,,,,,,,,,,,,,,,,,,,,,,,,,,,,,,,,,,,,,,,,,,,,,
18,,,,,,,,15.33855616,0.8521420088888887,17.9296072,23.6316816,3.0194367958196193,3.0194367958196193,44,,,,,,,,15.33855616,0.8521420088888887,17.9296072,23.6316816,3.0194367958196193,3.0194367958196193,44,,,,,,,,,,,,,,,,,,,,,,,,,,,,,,,,,,,,,,,,,,,,,,,,,,,,,,,,,,,,,,,
20,,,,,,,,18.2011312,0.9100565599999999,19.718993599999997,19.90928,2.2887794739652025,2.2887794739652025,57,,,,,,,,18.2011312,0.9100565599999999,19.718993599999997,19.90928,2.2887794739652025,2.2887794739652025,57,,,,,,,,,,,,,,,,,,,,,,,,,,,,,,,,,,,,,,,,,,,,,,,,,,,,,,,,,,,,,,,
25,28.17639456,1.1270557823999998,29.4764368,29.738823999999997,3.7798450179140017,3.7798450179140017,57,21.9381024,0.8775240959999999,24.166859199999998,25.695263999999998,2.6682872332498895,2.6682872332498895,143,,,,,,,,22.832898240000002,0.9133159296,24.8436712,25.695263999999998,3.682144107629175,3.682144107629175,200,,,,,,,,,,,,,,,,,,,,,,,,,,,,,,,,,,,,,,,,,,,,,,,,,,,,,,,,,,,,,,,
40,,,,,,,,36.810460799999994,0.9202615199999998,40.326565599999995,46.360888,4.5461762508611265,4.5461762508611265,56,,,,,,,,36.810460799999994,0.9202615199999998,40.326565599999995,46.360888,4.5461762508611265,4.5461762508611265,56,,,,,,,,,,,,,,,,,,,,,,,,,,,,,,,,,,,,,,,,,,,,,,,,,,,,,,,,,,,,,,,
50,57.40252384,1.1480504768,59.2541672,59.6434976,5.3635605562053525,5.3635605562053525,58,38.33213472,0.7666426944,41.746399999999994,45.5204176,7.682283483995133,7.682283483995133,47,56.72186752,1.1344373504000003,56.9032464,57.221695999999994,1.5258772055192327,1.5258772055192327,39,42.64406912,0.8528813823999999,56.896633599999994,57.221695999999994,8.89519958209268,8.89519958209268,144,,,,,,,,,,,,,,,,,,,,,,,,,,,,,,,,,,,,,,,,,,,,,,,,,,,,,,,,,,,,,,,
60,76.87909567999999,1.2813182613333334,79.4405768,78.500496,10.543365920441284,10.543365920441284,40,,,,,,,,,,,,,,,76.87909567999999,1.2813182613333334,79.4405768,78.500496,10.543365920441284,10.543365920441284,40,,,,,,,,,,,,,,,,,,,,,,,,,,,,,,,,,,,,,,,,,,,,,,,,,,,,,,,,,,,,,,,
75,86.49929408000001,1.1533239210666666,88.519796,89.15100799999999,5.111360253310701,5.111360253310701,42,,,,,,,,80.05748320000001,1.0674331093333334,81.89400959999999,82.32275519999999,2.1512796777811123,2.1512796777811123,93,80.65669535999999,1.0754226048,82.08914719999999,82.32275519999999,4.4227662832217325,4.4227662832217325,135,,,,,,,,,,,,,,,,,,,,,,,,,,,,,,,,,,,,,,,,,,,,,,,,,,,,,,,,,,,,,,,
80,,,,,,,,72.93789568,0.911723696,78.62546719999999,91.15495680000001,5.777557823769981,5.777557823769981,83,,,,,,,,72.93789568,0.911723696,78.62546719999999,91.15495680000001,5.777557823769981,5.777557823769981,83,,,,,,,,,,,,,,,,,,,,,,,,,,,,,,,,,,,,,,,,,,,,,,,,,,,,,,,,,,,,,,,
100,113.68056064,1.1368056064,116.7271208,115.35029759999999,8.888659528813719,8.888659528813719,192,90.44790144,0.9044790144,96.94041039999999,104.172552,7.628786714802025,7.628786714802025,42,97.7934928,0.9779349279999999,99.47476160000001,101.1236512,1.793530936063821,1.793530936063821,119,98.79821856,0.9879821855999998,105.50465919999999,104.172552,12.238285063596718,12.238285063596718,353,,,,,,,,,,,,,,,,,,,,,,,,,,,,,,,,,,,,,,,,,,,,,,,,,,,,,,,,,,,,,,,
150,147.00431712,0.9800287808000001,172.1484768,178.6445984,15.555228320481964,15.555228320481964,47,,,,,,,,,,,,,,,147.00431712,0.9800287808000001,172.1484768,178.6445984,15.555228320481964,15.555228320481964,47,,,,,,,,,,,,,,,,,,,,,,,,,,,,,,,,,,,,,,,,,,,,,,,,,,,,,,,,,,,,,,,
175,200.625112,1.1464292114285715,207.0341184,208.32183519999998,18.52056025412213,18.52056025412213,39,,,,,,,,,,,,,,,200.625112,1.1464292114285715,207.0341184,208.32183519999998,18.52056025412213,18.52056025412213,39,,,,,,,,,,,,,,,,,,,,,,,,,,,,,,,,,,,,,,,,,,,,,,,,,,,,,,,,,,,,,,,
200,218.4188896,1.0920944479999999,231.475208,228.52779039999996,26.405364900143326,26.405364900143326,259,,,,,,,,,,,,,,,218.4188896,1.0920944479999999,231.475208,228.52779039999996,26.405364900143326,26.405364900143326,259,,,,,,,,,,,,,,,,,,,,,,,,,,,,,,,,,,,,,,,,,,,,,,,,,,,,,,,,,,,,,,,
250,,,,,,,,,,,,,,,271.00383424,1.0840153369599999,272.0723488,272.2852576,14.523736327145958,14.523736327145958,42,271.00383424,1.0840153369599999,272.0723488,272.2852576,14.523736327145958,14.523736327145958,42,,,,,,,,,,,,,,,,,,,,,,,,,,,,,,,,,,,,,,,,,,,,,,,,,,,,,,,,,,,,,,,
300,300.79138944,1.0026379648,340.5307776,342.829904,37.165984316518035,37.165984316518035,138,,,,,,,,,,,,,,,300.79138944,1.0026379648,340.5307776,342.829904,37.165984316518035,37.165984316518035,138,,,,,,,,,,,,,,,,,,,,,,,,,,,,,,,,,,,,,,,,,,,,,,,,,,,,,,,,,,,,,,,
400,450.628424,1.12657106,470.2320304,479.1562704,61.7764992953144,61.7764992953144,91,,,,,,,,,,,,,,,450.628424,1.12657106,470.2320304,479.1562704,61.7764992953144,61.7764992953144,91,,,,,,,,,,,,,,,,,,,,,,,,,,,,,,,,,,,,,,,,,,,,,,,,,,,,,,,,,,,,,,,
500,526.40248768,1.05280497536,566.2326208,571.20736,62.66458357979226,62.66458357979226,43,,,,,,,,329.90543456,0.6598108691200001,495.8627055999999,569.0502128,100.8610758003558,100.8610758003558,210,332.03424192,0.66406848384,499.292448,569.0502128,102.80222526641099,102.80222526641099,253,,,,,,,,,,,,,,,,,,,,,,,,,,,,,,,,,,,,,,,,,,,,,,,,,,,,,,,,,,,,,,,
Total,,,,,,,,,,,,,,,,,,,,,,,,,,,,,,,,,,,,,,,,,,,,,,,,,,,,,,,,,,,,,,,,,,,,,,,,,,,,,,,,,,,,,,,,,,,
"Consistent speed Download 80/80",,,,,,,,,,,,,,,,,,,,,,,,,,,,,,,,,,,,,,,,,,,,,,,,,,,,,,,,,,,,,,,,,,,,,,,,,,,,,,,,,,,,,,,,,,,
Weekend,,,,,,,,,,,,,,,,,,,,,,,,,,,,,,,,,,,,,,,,,,,,,,,,,,,,,,,,,,,,,,,,,,,,,,,,,,,,,,,,,,,,,,,,,,,
,Cable,,,,,,,DSL,,,,,,,Fiber,,,,,,,Total,,,,,,,,,,,,,,,,,,,,,,,,,,,,,,,,,,,,,,,,,,,,,,,,,,,,,,,,,,,,,,,,,,,,,
"Tier (Mbps)","Consistent Speed","C.S. % Advertised",Median,Mode,"Standard Error of Mean","Standard Deviation","Unweighted Valid N","Consistent Speed","C.S. % Advertised",Median,Mode,"Standard Error of Mean","Standard Deviation","Unweighted Valid N","Consistent Speed","C.S. % Advertised",Median,Mode,"Standard Error of Mean","Standard Deviation","Unweighted Valid N","Consistent Speed","C.S. % Advertised",Median,Mode,"Standard Error of Mean","Standard Deviation","Unweighted Valid N",,,,,,,,,,,,,,,,,,,,,,,,,,,,,,,,,,,,,,,,,,,,,,,,,,,,,,,,,,,,,,,
1.5,,,,,,,,1.0652272,0.7101514666666667,1.183864,1.8352544,0.205571059485022,0.205571059485022,65,,,,,,,,1.0652272,0.7101514666666667,1.183864,1.8352544,0.205571059485022,0.205571059485022,65,,,,,,,,,,,,,,,,,,,,,,,,,,,,,,,,,,,,,,,,,,,,,,,,,,,,,,,,,,,,,,,
3,,,,,,,,2.09530976,0.6984365866666666,2.6287447999999998,5.0416336,0.9690886014157081,0.9690886014157081,50,,,,,,,,2.09530976,0.6984365866666666,2.6287447999999998,5.0416336,0.9690886014157081,0.9690886014157081,50,,,,,,,,,,,,,,,,,,,,,,,,,,,,,,,,,,,,,,,,,,,,,,,,,,,,,,,,,,,,,,,
5,,,,,,,,2.4256240000000004,0.48512480000000013,4.1536176,4.7708032,1.1553581409617906,1.1553581409617906,49,,,,,,,,2.4256240000000004,0.48512480000000013,4.1536176,4.7708032,1.1553581409617906,1.1553581409617906,49,,,,,,,,,,,,,,,,,,,,,,,,,,,,,,,,,,,,,,,,,,,,,,,,,,,,,,,,,,,,,,,
10,,,,,,,,7.96621472,0.796621472,9.603088,9.607135999999999,1.7668662814354428,1.7668662814354428,127,,,,,,,,7.96621472,0.796621472,9.603088,9.607135999999999,1.7668662814354428,1.7668662814354428,127,,,,,,,,,,,,,,,,,,,,,,,,,,,,,,,,,,,,,,,,,,,,,,,,,,,,,,,,,,,,,,,
12,,,,,,,,10.1793296,0.8482774666666667,11.847696,12.925537599999998,2.399906890571224,2.399906890571224,181,,,,,,,,10.1793296,0.8482774666666667,11.847696,12.925537599999998,2.399906890571224,2.399906890571224,181,,,,,,,,,,,,,,,,,,,,,,,,,,,,,,,,,,,,,,,,,,,,,,,,,,,,,,,,,,,,,,,
15,,,,,,,,14.25892992,0.950595328,16.073472,17.5343808,1.2810490515575326,1.2810490515575326,45,,,,,,,,14.25892992,0.950595328,16.073472,17.5343808,1.2810490515575326,1.2810490515575326,45,,,,,,,,,,,,,,,,,,,,,,,,,,,,,,,,,,,,,,,,,,,,,,,,,,,,,,,,,,,,,,,
18,,,,,,,,14.93711776,0.8298398755555556,17.873623199999997,23.6343936,3.156424373108425,3.156424373108425,44,,,,,,,,14.93711776,0.8298398755555556,17.873623199999997,23.6343936,3.156424373108425,3.156424373108425,44,,,,,,,,,,,,,,,,,,,,,,,,,,,,,,,,,,,,,,,,,,,,,,,,,,,,,,,,,,,,,,,
20,,,,,,,,17.80069376,0.890034688,19.611620799999997,19.9381024,2.223426386922467,2.223426386922467,57,,,,,,,,17.80069376,0.890034688,19.611620799999997,19.9381024,2.223426386922467,2.223426386922467,57,,,,,,,,,,,,,,,,,,,,,,,,,,,,,,,,,,,,,,,,,,,,,,,,,,,,,,,,,,,,,,,
25,27.68583424,1.1074333695999998,29.465409599999997,29.7413424,3.807269762465645,3.807269762465645,57,21.480467839999996,0.8592187135999999,24.0265472,24.8186656,2.890940177564704,2.890940177564704,143,,,,,,,,22.224692799999996,0.8889877119999999,24.8061152,24.8186656,3.8296991575965427,3.8296991575965427,200,,,,,,,,,,,,,,,,,,,,,,,,,,,,,,,,,,,,,,,,,,,,,,,,,,,,,,,,,,,,,,,
40,,,,,,,,36.8657968,0.92164492,40.1237136,46.312616000000006,5.239316595925515,5.239316595925515,56,,,,,,,,36.8657968,0.92164492,40.1237136,46.312616000000006,5.239316595925515,5.239316595925515,56,,,,,,,,,,,,,,,,,,,,,,,,,,,,,,,,,,,,,,,,,,,,,,,,,,,,,,,,,,,,,,,
50,56.9448816,1.1388976320000002,59.300596799999994,59.6462016,5.449028115809231,5.449028115809231,58,38.06749695999999,0.7613499391999998,41.896988799999995,45.5150352,7.6714563871084875,7.6714563871084875,47,56.723508800000005,1.134470176,56.896775999999996,57.2525024,1.4777719879103086,1.4777719879103086,39,42.68514048,0.8537028096000001,56.869719999999994,57.2525024,8.873781292287275,8.873781292287275,144,,,,,,,,,,,,,,,,,,,,,,,,,,,,,,,,,,,,,,,,,,,,,,,,,,,,,,,,,,,,,,,
60,77.61870496,1.2936450826666668,79.39723279999998,78.822504,11.086727782183418,11.086727782183418,40,,,,,,,,,,,,,,,77.61870496,1.2936450826666668,79.39723279999998,78.822504,11.086727782183418,11.086727782183418,40,,,,,,,,,,,,,,,,,,,,,,,,,,,,,,,,,,,,,,,,,,,,,,,,,,,,,,,,,,,,,,,
75,86.30419904000001,1.1507226538666668,88.33516799999998,89.177848,2.14963501894698,2.14963501894698,42,,,,,,,,79.26008544,1.0568011391999999,81.90079999999999,82.25410399999998,2.310653164960821,2.310653164960821,93,80.71906944,1.0762542592,82.1121744,82.25410399999998,3.851772831461991,3.851772831461991,135,,,,,,,,,,,,,,,,,,,,,,,,,,,,,,,,,,,,,,,,,,,,,,,,,,,,,,,,,,,,,,,
80,,,,,,,,71.97784192,0.8997230240000001,77.663664,90.31062399999999,7.578063997424304,7.578063997424304,83,,,,,,,,71.97784192,0.8997230240000001,77.663664,90.31062399999999,7.578063997424304,7.578063997424304,83,,,,,,,,,,,,,,,,,,,,,,,,,,,,,,,,,,,,,,,,,,,,,,,,,,,,,,,,,,,,,,,
100,113.78878016,1.1378878016,116.58368879999999,115.3451808,8.601174586545216,8.601174586545216,192,90.31972960000002,0.9031972960000001,95.47099599999999,103.6762624,7.469005746582288,7.469005746582288,42,97.6485008,0.976485008,99.5022752,101.19619039999999,2.041795685076604,2.041795685076604,119,98.69936736,0.9869936735999999,108.34911199999999,103.6762624,12.142246526426158,12.142246526426158,353,,,,,,,,,,,,,,,,,,,,,,,,,,,,,,,,,,,,,,,,,,,,,,,,,,,,,,,,,,,,,,,
150,147.48132512,0.9832088341333333,171.94706399999998,178.52275039999998,15.04592377775303,15.04592377775303,47,,,,,,,,,,,,,,,147.48132512,0.9832088341333333,171.94706399999998,178.52275039999998,15.04592377775303,15.04592377775303,47,,,,,,,,,,,,,,,,,,,,,,,,,,,,,,,,,,,,,,,,,,,,,,,,,,,,,,,,,,,,,,,
175,198.99098912,1.1370913664,206.793968,208.17413439999999,12.782039103304589,12.782039103304589,39,,,,,,,,,,,,,,,198.99098912,1.1370913664,206.793968,208.17413439999999,12.782039103304589,12.782039103304589,39,,,,,,,,,,,,,,,,,,,,,,,,,,,,,,,,,,,,,,,,,,,,,,,,,,,,,,,,,,,,,,,
200,217.59304864,1.0879652432,231.642976,228.49779999999998,26.33465769125954,26.33465769125954,259,,,,,,,,,,,,,,,217.59304864,1.0879652432,231.642976,228.49779999999998,26.33465769125954,26.33465769125954,259,,,,,,,,,,,,,,,,,,,,,,,,,,,,,,,,,,,,,,,,,,,,,,,,,,,,,,,,,,,,,,,
250,,,,,,,,,,,,,,,271.0588144,1.0842352576,272.095944,272.1425824,14.476117613020133,14.476117613020133,41,271.0588144,1.0842352576,272.095944,272.1425824,14.476117613020133,14.476117613020133,41,,,,,,,,,,,,,,,,,,,,,,,,,,,,,,,,,,,,,,,,,,,,,,,,,,,,,,,,,,,,,,,
300,307.66984831999997,1.0255661610666666,339.1997272,342.8299424,36.45230413313807,36.45230413313807,138,,,,,,,,,,,,,,,307.66984831999997,1.0255661610666666,339.1997272,342.8299424,36.45230413313807,36.45230413313807,138,,,,,,,,,,,,,,,,,,,,,,,,,,,,,,,,,,,,,,,,,,,,,,,,,,,,,,,,,,,,,,,
400,443.919136,1.10979784,464.3392656,479.0747456,61.62515828120299,61.62515828120299,91,,,,,,,,,,,,,,,443.919136,1.10979784,464.3392656,479.0747456,61.62515828120299,61.62515828120299,91,,,,,,,,,,,,,,,,,,,,,,,,,,,,,,,,,,,,,,,,,,,,,,,,,,,,,,,,,,,,,,,
500,526.18275648,1.05236551296,565.1229903999999,571.2141231999999,65.26426754016254,65.26426754016254,43,,,,,,,,328.62955776,0.6572591155199999,495.06996719999995,569.0623712,99.6841518085954,99.6841518085954,210,333.81843008,0.66763686016,499.37355679999996,569.0623712,102.03785673348001,102.03785673348001,253,,,,,,,,,,,,,,,,,,,,,,,,,,,,,,,,,,,,,,,,,,,,,,,,,,,,,,,,,,,,,,,
Total,,,,,,,,,,,,,,,,,,,,,,,,,,,,,,,,,,,,,,,,,,,,,,,,,,,,,,,,,,,,,,,,,,,,,,,,,,,,,,,,,,,,,,,,,,,
